seed,observer,num_distractors,accuracy,reward,relative_processing_cost,relative_efficiency
2001,O1,0,0.715,0.43,1.0,0.715
2001,O2,0,0.69125,0.3825,3.0,0.2304166666666667
2001,O3,0,0.55375,0.1075,1.3199999999999998,0.4195075757575758
2001,O4,0,0.525,0.05,1.3199999999999998,0.3977272727272728
2001,O5R,0,0.625,0.25,1.3199999999999998,0.47348484848484856
2001,O1,2,0.715,0.43,1.0,0.715
2001,O2,2,0.695,0.39,5.0,0.13899999999999998
2001,O3,2,0.55375,0.1075,1.4799999999999998,0.37415540540540543
2001,O4,2,0.525,0.05,1.4799999999999998,0.3547297297297298
2001,O5R,2,0.625,0.25,1.4799999999999998,0.42229729729729737
2001,O1,5,0.715,0.43,1.0,0.715
2001,O2,5,0.6975,0.395,8.0,0.0871875
2001,O3,5,0.55375,0.1075,1.7199999999999998,0.32194767441860467
2001,O4,5,0.525,0.05,1.7199999999999998,0.3052325581395349
2001,O5R,5,0.625,0.25,1.7199999999999998,0.36337209302325585
2001,O1,10,0.715,0.43,1.0,0.715
2001,O2,10,0.70375,0.4075,13.0,0.054134615384615385
2001,O3,10,0.55375,0.1075,2.12,0.26120283018867924
2001,O4,10,0.525,0.05,2.12,0.24764150943396226
2001,O5R,10,0.625,0.25,2.12,0.29481132075471694
2001,O1,20,0.715,0.43,1.0,0.715
2001,O2,20,0.71625,0.4325,23.0,0.03114130434782609
2001,O3,20,0.55375,0.1075,2.92,0.1896404109589041
2001,O4,20,0.525,0.05,2.92,0.17979452054794523
2001,O5R,20,0.625,0.25,2.92,0.21404109589041095
2001,O1,35,0.715,0.43,1.0,0.715
2001,O2,35,0.73125,0.4625,38.0,0.019243421052631576
2001,O3,35,0.55375,0.1075,4.12,0.13440533980582522
2001,O4,35,0.525,0.05,4.12,0.12742718446601942
2001,O5R,35,0.625,0.25,4.12,0.15169902912621358
2038,O1,0,0.6875,0.375,1.0,0.6875
2038,O2,0,0.60625,0.2125,3.0,0.2020833333333333
2038,O3,0,0.6425,0.285,1.3199999999999998,0.48674242424242425
2038,O4,0,0.6175,0.235,1.3199999999999998,0.4678030303030304
2038,O5R,0,0.645,0.29,1.3199999999999998,0.4886363636363637
2038,O1,2,0.6875,0.375,1.0,0.6875
2038,O2,2,0.61,0.22,5.0,0.122
2038,O3,2,0.6425,0.285,1.4799999999999998,0.43412162162162166
2038,O4,2,0.6175,0.235,1.4799999999999998,0.4172297297297298
2038,O5R,2,0.645,0.29,1.4799999999999998,0.4358108108108109
2038,O1,5,0.6875,0.375,1.0,0.6875
2038,O2,5,0.615,0.23,8.0,0.076875
2038,O3,5,0.645,0.29,1.7199999999999998,0.37500000000000006
2038,O4,5,0.6175,0.235,1.7199999999999998,0.3590116279069768
2038,O5R,5,0.645,0.29,1.7199999999999998,0.37500000000000006
2038,O1,10,0.6875,0.375,1.0,0.6875
2038,O2,10,0.63125,0.2625,13.0,0.04855769230769231
2038,O3,10,0.65375,0.3075,2.12,0.308372641509434
2038,O4,10,0.6175,0.235,2.12,0.2912735849056604
2038,O5R,10,0.645,0.29,2.12,0.30424528301886794
2038,O1,20,0.6875,0.375,1.0,0.6875
2038,O2,20,0.65125,0.3025,23.0,0.028315217391304347
2038,O3,20,0.6575,0.315,2.92,0.2251712328767123
2038,O4,20,0.6175,0.235,2.92,0.21147260273972604
2038,O5R,20,0.645,0.29,2.92,0.22089041095890413
2038,O1,35,0.6875,0.375,1.0,0.6875
2038,O2,35,0.6975,0.395,38.0,0.018355263157894736
2038,O3,35,0.6625,0.325,4.12,0.1608009708737864
2038,O4,35,0.61875,0.2375,4.12,0.15018203883495146
2038,O5R,35,0.645,0.29,4.12,0.15655339805825244
2075,O1,0,0.6725,0.345,1.0,0.6725
2075,O2,0,0.50625,0.0125,3.0,0.16874999999999998
2075,O3,0,0.6375,0.275,1.3199999999999998,0.48295454545454547
2075,O4,0,0.59875,0.1975,1.3199999999999998,0.4535984848484849
2075,O5R,0,0.645,0.29,1.3199999999999998,0.4886363636363637
2075,O1,2,0.6725,0.345,1.0,0.6725
2075,O2,2,0.50625,0.0125,5.0,0.10124999999999999
2075,O3,2,0.6375,0.275,1.4799999999999998,0.43074324324324326
2075,O4,2,0.59875,0.1975,1.4799999999999998,0.40456081081081086
2075,O5R,2,0.645,0.29,1.4799999999999998,0.4358108108108109
2075,O1,5,0.67125,0.3425,1.0,0.67125
2075,O2,5,0.50625,0.0125,8.0,0.06328125
2075,O3,5,0.6375,0.275,1.7199999999999998,0.370639534883721
2075,O4,5,0.59875,0.1975,1.7199999999999998,0.34811046511627913
2075,O5R,5,0.645,0.29,1.7199999999999998,0.37500000000000006
2075,O1,10,0.6725,0.345,1.0,0.6725
2075,O2,10,0.5075,0.015,13.0,0.039038461538461536
2075,O3,10,0.63875,0.2775,2.12,0.30129716981132076
2075,O4,10,0.59875,0.1975,2.12,0.2824292452830189
2075,O5R,10,0.645,0.29,2.12,0.30424528301886794
2075,O1,20,0.675,0.35,1.0,0.675
2075,O2,20,0.5125,0.025,23.0,0.022282608695652174
2075,O3,20,0.64,0.28,2.92,0.21917808219178084
2075,O4,20,0.59875,0.1975,2.92,0.2050513698630137
2075,O5R,20,0.645,0.29,2.92,0.22089041095890413
2075,O1,35,0.675,0.35,1.0,0.675
2075,O2,35,0.52,0.04,38.0,0.01368421052631579
2075,O3,35,0.64125,0.2825,4.12,0.15564320388349515
2075,O4,35,0.59875,0.1975,4.12,0.14532766990291263
2075,O5R,35,0.645,0.29,4.12,0.15655339805825244
2112,O1,0,0.71125,0.4225,1.0,0.71125
2112,O2,0,0.51375,0.0275,3.0,0.17125
2112,O3,0,0.77375,0.5475,1.3199999999999998,0.5861742424242425
2112,O4,0,0.6825,0.365,1.3199999999999998,0.5170454545454546
2112,O5R,0,0.65375,0.3075,1.3199999999999998,0.4952651515151516
2112,O1,2,0.71125,0.4225,1.0,0.71125
2112,O2,2,0.51375,0.0275,5.0,0.10275000000000001
2112,O3,2,0.77375,0.5475,1.4799999999999998,0.5228040540540542
2112,O4,2,0.6825,0.365,1.4799999999999998,0.46114864864864874
2112,O5R,2,0.65375,0.3075,1.4799999999999998,0.4417229729729731
2112,O1,5,0.71125,0.4225,1.0,0.71125
2112,O2,5,0.51375,0.0275,8.0,0.06421875
2112,O3,5,0.7725,0.545,1.7199999999999998,0.4491279069767442
2112,O4,5,0.6825,0.365,1.7199999999999998,0.3968023255813954
2112,O5R,5,0.65375,0.3075,1.7199999999999998,0.38008720930232565
2112,O1,10,0.71,0.42,1.0,0.71
2112,O2,10,0.515,0.03,13.0,0.039615384615384615
2112,O3,10,0.7725,0.545,2.12,0.3643867924528302
2112,O4,10,0.6825,0.365,2.12,0.32193396226415094
2112,O5R,10,0.65375,0.3075,2.12,0.308372641509434
2112,O1,20,0.71375,0.4275,1.0,0.71375
2112,O2,20,0.51875,0.0375,23.0,0.022554347826086958
2112,O3,20,0.7725,0.545,2.92,0.2645547945205479
2112,O4,20,0.6825,0.365,2.92,0.23373287671232876
2112,O5R,20,0.65375,0.3075,2.92,0.22388698630136988
2112,O1,35,0.71375,0.4275,1.0,0.71375
2112,O2,35,0.5275,0.055,38.0,0.01388157894736842
2112,O3,35,0.7725,0.545,4.12,0.1875
2112,O4,35,0.6825,0.365,4.12,0.16565533980582522
2112,O5R,35,0.65375,0.3075,4.12,0.15867718446601942
2149,O1,0,0.6625,0.325,1.0,0.6625
2149,O2,0,0.48625,-0.0275,3.0,0.16208333333333333
2149,O3,0,0.68375,0.3675,1.3199999999999998,0.5179924242424243
2149,O4,0,0.66625,0.3325,1.3199999999999998,0.5047348484848485
2149,O5R,0,0.48625,-0.0275,1.3199999999999998,0.36837121212121215
2149,O1,2,0.6625,0.325,1.0,0.6625
2149,O2,2,0.48625,-0.0275,5.0,0.09725
2149,O3,2,0.68375,0.3675,1.4799999999999998,0.4619932432432433
2149,O4,2,0.66625,0.3325,1.4799999999999998,0.450168918918919
2149,O5R,2,0.48625,-0.0275,1.4799999999999998,0.32854729729729737
2149,O1,5,0.6625,0.325,1.0,0.6625
2149,O2,5,0.48625,-0.0275,8.0,0.06078125
2149,O3,5,0.68375,0.3675,1.7199999999999998,0.3975290697674419
2149,O4,5,0.665,0.33,1.7199999999999998,0.38662790697674426
2149,O5R,5,0.48625,-0.0275,1.7199999999999998,0.2827034883720931
2149,O1,10,0.6625,0.325,1.0,0.6625
2149,O2,10,0.48875,-0.0225,13.0,0.03759615384615385
2149,O3,10,0.6825,0.365,2.12,0.32193396226415094
2149,O4,10,0.665,0.33,2.12,0.3136792452830189
2149,O5R,10,0.48625,-0.0275,2.12,0.2293632075471698
2149,O1,20,0.6625,0.325,1.0,0.6625
2149,O2,20,0.4925,-0.015,23.0,0.021413043478260868
2149,O3,20,0.68375,0.3675,2.92,0.2341609589041096
2149,O4,20,0.665,0.33,2.92,0.22773972602739728
2149,O5R,20,0.48625,-0.0275,2.92,0.16652397260273974
2149,O1,35,0.6625,0.325,1.0,0.6625
2149,O2,35,0.50125,0.0025,38.0,0.01319078947368421
2149,O3,35,0.68375,0.3675,4.12,0.16595873786407767
2149,O4,35,0.665,0.33,4.12,0.16140776699029127
2149,O5R,35,0.48625,-0.0275,4.12,0.11802184466019418
2186,O1,0,0.635,0.27,1.0,0.635
2186,O2,0,0.515,0.03,3.0,0.17166666666666666
2186,O3,0,0.67125,0.3425,1.3199999999999998,0.5085227272727273
2186,O4,0,0.65875,0.3175,1.3199999999999998,0.49905303030303033
2186,O5R,0,0.65,0.3,1.3199999999999998,0.4924242424242425
2186,O1,2,0.635,0.27,1.0,0.635
2186,O2,2,0.515,0.03,5.0,0.10300000000000001
2186,O3,2,0.67125,0.3425,1.4799999999999998,0.45354729729729737
2186,O4,2,0.65875,0.3175,1.4799999999999998,0.44510135135135137
2186,O5R,2,0.65,0.3,1.4799999999999998,0.43918918918918926
2186,O1,5,0.635,0.27,1.0,0.635
2186,O2,5,0.51625,0.0325,8.0,0.06453125
2186,O3,5,0.67125,0.3425,1.7199999999999998,0.3902616279069768
2186,O4,5,0.65875,0.3175,1.7199999999999998,0.38299418604651164
2186,O5R,5,0.65,0.3,1.7199999999999998,0.3779069767441861
2186,O1,10,0.6375,0.275,1.0,0.6375
2186,O2,10,0.52125,0.0425,13.0,0.040096153846153844
2186,O3,10,0.67125,0.3425,2.12,0.316627358490566
2186,O4,10,0.65875,0.3175,2.12,0.31073113207547165
2186,O5R,10,0.65,0.3,2.12,0.30660377358490565
2186,O1,20,0.6425,0.285,1.0,0.6425
2186,O2,20,0.52375,0.0475,23.0,0.022771739130434784
2186,O3,20,0.67125,0.3425,2.92,0.2298801369863014
2186,O4,20,0.65875,0.3175,2.92,0.22559931506849315
2186,O5R,20,0.65,0.3,2.92,0.2226027397260274
2186,O1,35,0.6425,0.285,1.0,0.6425
2186,O2,35,0.53625,0.0725,38.0,0.014111842105263159
2186,O3,35,0.67125,0.3425,4.12,0.1629247572815534
2186,O4,35,0.65875,0.3175,4.12,0.1598907766990291
2186,O5R,35,0.65,0.3,4.12,0.15776699029126215
2223,O1,0,0.725,0.45,1.0,0.725
2223,O2,0,0.51375,0.0275,3.0,0.17125
2223,O3,0,0.70625,0.4125,1.3199999999999998,0.5350378787878789
2223,O4,0,0.64875,0.2975,1.3199999999999998,0.4914772727272728
2223,O5R,0,0.66375,0.3275,1.3199999999999998,0.5028409090909091
2223,O1,2,0.725,0.45,1.0,0.725
2223,O2,2,0.51375,0.0275,5.0,0.10275000000000001
2223,O3,2,0.70625,0.4125,1.4799999999999998,0.47719594594594605
2223,O4,2,0.64875,0.2975,1.4799999999999998,0.4383445945945947
2223,O5R,2,0.66375,0.3275,1.4799999999999998,0.44847972972972977
2223,O1,5,0.725,0.45,1.0,0.725
2223,O2,5,0.51375,0.0275,8.0,0.06421875
2223,O3,5,0.70625,0.4125,1.7199999999999998,0.41061046511627913
2223,O4,5,0.64875,0.2975,1.7199999999999998,0.3771802325581396
2223,O5R,5,0.66375,0.3275,1.7199999999999998,0.3859011627906977
2223,O1,10,0.725,0.45,1.0,0.725
2223,O2,10,0.51625,0.0325,13.0,0.03971153846153846
2223,O3,10,0.70625,0.4125,2.12,0.3331367924528302
2223,O4,10,0.65,0.3,2.12,0.30660377358490565
2223,O5R,10,0.66375,0.3275,2.12,0.3130896226415094
2223,O1,20,0.725,0.45,1.0,0.725
2223,O2,20,0.5225,0.045,23.0,0.022717391304347825
2223,O3,20,0.70625,0.4125,2.92,0.2418664383561644
2223,O4,20,0.65125,0.3025,2.92,0.22303082191780824
2223,O5R,20,0.66375,0.3275,2.92,0.22731164383561642
2223,O1,35,0.7275,0.455,1.0,0.7275
2223,O2,35,0.5325,0.065,38.0,0.014013157894736842
2223,O3,35,0.70625,0.4125,4.12,0.17141990291262135
2223,O4,35,0.6525,0.305,4.12,0.15837378640776698
2223,O5R,35,0.66375,0.3275,4.12,0.16110436893203883
2260,O1,0,0.69375,0.3875,1.0,0.69375
2260,O2,0,0.5175,0.035,3.0,0.1725
2260,O3,0,0.6375,0.275,1.3199999999999998,0.48295454545454547
2260,O4,0,0.5175,0.035,1.3199999999999998,0.3920454545454546
2260,O5R,0,0.645,0.29,1.3199999999999998,0.4886363636363637
2260,O1,2,0.69375,0.3875,1.0,0.69375
2260,O2,2,0.51875,0.0375,5.0,0.10375000000000001
2260,O3,2,0.6375,0.275,1.4799999999999998,0.43074324324324326
2260,O4,2,0.5175,0.035,1.4799999999999998,0.34966216216216217
2260,O5R,2,0.645,0.29,1.4799999999999998,0.4358108108108109
2260,O1,5,0.69375,0.3875,1.0,0.69375
2260,O2,5,0.52,0.04,8.0,0.065
2260,O3,5,0.6375,0.275,1.7199999999999998,0.370639534883721
2260,O4,5,0.5175,0.035,1.7199999999999998,0.30087209302325585
2260,O5R,5,0.645,0.29,1.7199999999999998,0.37500000000000006
2260,O1,10,0.69375,0.3875,1.0,0.69375
2260,O2,10,0.525,0.05,13.0,0.04038461538461539
2260,O3,10,0.63875,0.2775,2.12,0.30129716981132076
2260,O4,10,0.5175,0.035,2.12,0.24410377358490562
2260,O5R,10,0.645,0.29,2.12,0.30424528301886794
2260,O1,20,0.69375,0.3875,1.0,0.69375
2260,O2,20,0.52625,0.0525,23.0,0.022880434782608695
2260,O3,20,0.63875,0.2775,2.92,0.21875000000000003
2260,O4,20,0.5175,0.035,2.92,0.17722602739726026
2260,O5R,20,0.645,0.29,2.92,0.22089041095890413
2260,O1,35,0.69375,0.3875,1.0,0.69375
2260,O2,35,0.5425,0.085,38.0,0.014276315789473684
2260,O3,35,0.63875,0.2775,4.12,0.1550364077669903
2260,O4,35,0.5175,0.035,4.12,0.12560679611650485
2260,O5R,35,0.645,0.29,4.12,0.15655339805825244
2297,O1,0,0.65625,0.3125,1.0,0.65625
2297,O2,0,0.50875,0.0175,3.0,0.16958333333333334
2297,O3,0,0.55625,0.1125,1.3199999999999998,0.4214015151515152
2297,O4,0,0.635,0.27,1.3199999999999998,0.48106060606060613
2297,O5R,0,0.50875,0.0175,1.3199999999999998,0.38541666666666674
2297,O1,2,0.65625,0.3125,1.0,0.65625
2297,O2,2,0.51,0.02,5.0,0.10200000000000001
2297,O3,2,0.55625,0.1125,1.4799999999999998,0.3758445945945947
2297,O4,2,0.635,0.27,1.4799999999999998,0.4290540540540541
2297,O5R,2,0.50875,0.0175,1.4799999999999998,0.34375000000000006
2297,O1,5,0.65625,0.3125,1.0,0.65625
2297,O2,5,0.51125,0.0225,8.0,0.06390625
2297,O3,5,0.55625,0.1125,1.7199999999999998,0.32340116279069775
2297,O4,5,0.635,0.27,1.7199999999999998,0.36918604651162795
2297,O5R,5,0.50875,0.0175,1.7199999999999998,0.2957848837209303
2297,O1,10,0.65625,0.3125,1.0,0.65625
2297,O2,10,0.515,0.03,13.0,0.039615384615384615
2297,O3,10,0.55625,0.1125,2.12,0.2623820754716981
2297,O4,10,0.635,0.27,2.12,0.29952830188679247
2297,O5R,10,0.50875,0.0175,2.12,0.23997641509433962
2297,O1,20,0.65625,0.3125,1.0,0.65625
2297,O2,20,0.5275,0.055,23.0,0.02293478260869565
2297,O3,20,0.55625,0.1125,2.92,0.19049657534246578
2297,O4,20,0.635,0.27,2.92,0.21746575342465754
2297,O5R,20,0.50875,0.0175,2.92,0.17422945205479454
2297,O1,35,0.65625,0.3125,1.0,0.65625
2297,O2,35,0.53875,0.0775,38.0,0.014177631578947367
2297,O3,35,0.55625,0.1125,4.12,0.1350121359223301
2297,O4,35,0.635,0.27,4.12,0.154126213592233
2297,O5R,35,0.50875,0.0175,4.12,0.12348300970873786
2334,O1,0,0.69875,0.3975,1.0,0.69875
2334,O2,0,0.505,0.01,3.0,0.16833333333333333
2334,O3,0,0.595,0.19,1.3199999999999998,0.4507575757575758
2334,O4,0,0.555,0.11,1.3199999999999998,0.4204545454545455
2334,O5R,0,0.645,0.29,1.3199999999999998,0.4886363636363637
2334,O1,2,0.69875,0.3975,1.0,0.69875
2334,O2,2,0.505,0.01,5.0,0.101
2334,O3,2,0.595,0.19,1.4799999999999998,0.4020270270270271
2334,O4,2,0.555,0.11,1.4799999999999998,0.3750000000000001
2334,O5R,2,0.645,0.29,1.4799999999999998,0.4358108108108109
2334,O1,5,0.69875,0.3975,1.0,0.69875
2334,O2,5,0.50625,0.0125,8.0,0.06328125
2334,O3,5,0.595,0.19,1.7199999999999998,0.3459302325581396
2334,O4,5,0.555,0.11,1.7199999999999998,0.32267441860465124
2334,O5R,5,0.645,0.29,1.7199999999999998,0.37500000000000006
2334,O1,10,0.69875,0.3975,1.0,0.69875
2334,O2,10,0.51375,0.0275,13.0,0.03951923076923077
2334,O3,10,0.595,0.19,2.12,0.28066037735849053
2334,O4,10,0.555,0.11,2.12,0.2617924528301887
2334,O5R,10,0.645,0.29,2.12,0.30424528301886794
2334,O1,20,0.69875,0.3975,1.0,0.69875
2334,O2,20,0.52125,0.0425,23.0,0.02266304347826087
2334,O3,20,0.6,0.2,2.92,0.2054794520547945
2334,O4,20,0.555,0.11,2.92,0.19006849315068494
2334,O5R,20,0.645,0.29,2.92,0.22089041095890413
2334,O1,35,0.7025,0.405,1.0,0.7025
2334,O2,35,0.53375,0.0675,38.0,0.014046052631578945
2334,O3,35,0.60375,0.2075,4.12,0.14654126213592233
2334,O4,35,0.55875,0.1175,4.12,0.13561893203883493
2334,O5R,35,0.645,0.29,4.12,0.15655339805825244
2371,O1,0,0.71625,0.4325,1.0,0.71625
2371,O2,0,0.4925,-0.015,3.0,0.16416666666666666
2371,O3,0,0.5875,0.175,1.3199999999999998,0.4450757575757576
2371,O4,0,0.7675,0.535,1.3199999999999998,0.581439393939394
2371,O5R,0,0.4925,-0.015,1.3199999999999998,0.37310606060606066
2371,O1,2,0.71625,0.4325,1.0,0.71625
2371,O2,2,0.4925,-0.015,5.0,0.0985
2371,O3,2,0.5875,0.175,1.4799999999999998,0.39695945945945954
2371,O4,2,0.7675,0.535,1.4799999999999998,0.5185810810810811
2371,O5R,2,0.4925,-0.015,1.4799999999999998,0.33277027027027034
2371,O1,5,0.71625,0.4325,1.0,0.71625
2371,O2,5,0.4925,-0.015,8.0,0.0615625
2371,O3,5,0.5875,0.175,1.7199999999999998,0.3415697674418605
2371,O4,5,0.7675,0.535,1.7199999999999998,0.44622093023255816
2371,O5R,5,0.4925,-0.015,1.7199999999999998,0.28633720930232565
2371,O1,10,0.71625,0.4325,1.0,0.71625
2371,O2,10,0.4925,-0.015,13.0,0.037884615384615385
2371,O3,10,0.5875,0.175,2.12,0.27712264150943394
2371,O4,10,0.7675,0.535,2.12,0.3620283018867924
2371,O5R,10,0.4925,-0.015,2.12,0.23231132075471697
2371,O1,20,0.71625,0.4325,1.0,0.71625
2371,O2,20,0.49375,-0.0125,23.0,0.021467391304347827
2371,O3,20,0.5875,0.175,2.92,0.2011986301369863
2371,O4,20,0.7675,0.535,2.92,0.2628424657534246
2371,O5R,20,0.4925,-0.015,2.92,0.16866438356164384
2371,O1,35,0.71625,0.4325,1.0,0.71625
2371,O2,35,0.50625,0.0125,38.0,0.013322368421052631
2371,O3,35,0.58875,0.1775,4.12,0.1429004854368932
2371,O4,35,0.7675,0.535,4.12,0.18628640776699026
2371,O5R,35,0.4925,-0.015,4.12,0.1195388349514563
2408,O1,0,0.69375,0.3875,1.0,0.69375
2408,O2,0,0.515,0.03,3.0,0.17166666666666666
2408,O3,0,0.59875,0.1975,1.3199999999999998,0.4535984848484849
2408,O4,0,0.515,0.03,1.3199999999999998,0.3901515151515152
2408,O5R,0,0.515,0.03,1.3199999999999998,0.3901515151515152
2408,O1,2,0.69875,0.3975,1.0,0.69875
2408,O2,2,0.515,0.03,5.0,0.10300000000000001
2408,O3,2,0.59875,0.1975,1.4799999999999998,0.40456081081081086
2408,O4,2,0.515,0.03,1.4799999999999998,0.347972972972973
2408,O5R,2,0.515,0.03,1.4799999999999998,0.347972972972973
2408,O1,5,0.69875,0.3975,1.0,0.69875
2408,O2,5,0.515,0.03,8.0,0.064375
2408,O3,5,0.59875,0.1975,1.7199999999999998,0.34811046511627913
2408,O4,5,0.515,0.03,1.7199999999999998,0.2994186046511628
2408,O5R,5,0.515,0.03,1.7199999999999998,0.2994186046511628
2408,O1,10,0.7,0.4,1.0,0.7
2408,O2,10,0.515,0.03,13.0,0.039615384615384615
2408,O3,10,0.59875,0.1975,2.12,0.2824292452830189
2408,O4,10,0.515,0.03,2.12,0.2429245283018868
2408,O5R,10,0.515,0.03,2.12,0.2429245283018868
2408,O1,20,0.7,0.4,1.0,0.7
2408,O2,20,0.515,0.03,23.0,0.022391304347826088
2408,O3,20,0.59875,0.1975,2.92,0.2050513698630137
2408,O4,20,0.515,0.03,2.92,0.17636986301369864
2408,O5R,20,0.515,0.03,2.92,0.17636986301369864
2408,O1,35,0.7,0.4,1.0,0.7
2408,O2,35,0.5175,0.035,38.0,0.013618421052631578
2408,O3,35,0.6,0.2,4.12,0.14563106796116504
2408,O4,35,0.515,0.03,4.12,0.125
2408,O5R,35,0.515,0.03,4.12,0.125
2445,O1,0,0.6375,0.275,1.0,0.6375
2445,O2,0,0.52875,0.0575,3.0,0.17625000000000002
2445,O3,0,0.68375,0.3675,1.3199999999999998,0.5179924242424243
2445,O4,0,0.55875,0.1175,1.3199999999999998,0.4232954545454546
2445,O5R,0,0.6925,0.385,1.3199999999999998,0.5246212121212122
2445,O1,2,0.6375,0.275,1.0,0.6375
2445,O2,2,0.52875,0.0575,5.0,0.10575000000000001
2445,O3,2,0.68375,0.3675,1.4799999999999998,0.4619932432432433
2445,O4,2,0.55875,0.1175,1.4799999999999998,0.3775337837837838
2445,O5R,2,0.6925,0.385,1.4799999999999998,0.4679054054054055
2445,O1,5,0.6375,0.275,1.0,0.6375
2445,O2,5,0.52875,0.0575,8.0,0.06609375
2445,O3,5,0.68375,0.3675,1.7199999999999998,0.3975290697674419
2445,O4,5,0.55875,0.1175,1.7199999999999998,0.3248546511627907
2445,O5R,5,0.6925,0.385,1.7199999999999998,0.4026162790697675
2445,O1,10,0.6375,0.275,1.0,0.6375
2445,O2,10,0.52875,0.0575,13.0,0.04067307692307693
2445,O3,10,0.68375,0.3675,2.12,0.32252358490566035
2445,O4,10,0.55875,0.1175,2.12,0.26356132075471694
2445,O5R,10,0.6925,0.385,2.12,0.3266509433962264
2445,O1,20,0.6375,0.275,1.0,0.6375
2445,O2,20,0.53,0.06,23.0,0.023043478260869565
2445,O3,20,0.68625,0.3725,2.92,0.23501712328767124
2445,O4,20,0.55875,0.1175,2.92,0.1913527397260274
2445,O5R,20,0.6925,0.385,2.92,0.23715753424657535
2445,O1,35,0.6375,0.275,1.0,0.6375
2445,O2,35,0.53625,0.0725,38.0,0.014111842105263159
2445,O3,35,0.69125,0.3825,4.12,0.16777912621359223
2445,O4,35,0.55875,0.1175,4.12,0.13561893203883493
2445,O5R,35,0.6925,0.385,4.12,0.16808252427184467
2482,O1,0,0.71625,0.4325,1.0,0.71625
2482,O2,0,0.5325,0.065,3.0,0.1775
2482,O3,0,0.75875,0.5175,1.3199999999999998,0.5748106060606062
2482,O4,0,0.75,0.5,1.3199999999999998,0.5681818181818182
2482,O5R,0,0.5175,0.035,1.3199999999999998,0.3920454545454546
2482,O1,2,0.71625,0.4325,1.0,0.71625
2482,O2,2,0.535,0.07,5.0,0.10700000000000001
2482,O3,2,0.75875,0.5175,1.4799999999999998,0.5126689189189191
2482,O4,2,0.75,0.5,1.4799999999999998,0.5067567567567568
2482,O5R,2,0.5175,0.035,1.4799999999999998,0.34966216216216217
2482,O1,5,0.71625,0.4325,1.0,0.71625
2482,O2,5,0.53875,0.0775,8.0,0.06734375
2482,O3,5,0.75875,0.5175,1.7199999999999998,0.4411337209302326
2482,O4,5,0.75,0.5,1.7199999999999998,0.43604651162790703
2482,O5R,5,0.5175,0.035,1.7199999999999998,0.30087209302325585
2482,O1,10,0.71625,0.4325,1.0,0.71625
2482,O2,10,0.54125,0.0825,13.0,0.04163461538461539
2482,O3,10,0.75875,0.5175,2.12,0.3579009433962264
2482,O4,10,0.75,0.5,2.12,0.35377358490566035
2482,O5R,10,0.5175,0.035,2.12,0.24410377358490562
2482,O1,20,0.71625,0.4325,1.0,0.71625
2482,O2,20,0.55125,0.1025,23.0,0.023967391304347826
2482,O3,20,0.75875,0.5175,2.92,0.2598458904109589
2482,O4,20,0.75,0.5,2.92,0.2568493150684932
2482,O5R,20,0.5175,0.035,2.92,0.17722602739726026
2482,O1,35,0.71625,0.4325,1.0,0.71625
2482,O2,35,0.56375,0.1275,38.0,0.014835526315789473
2482,O3,35,0.75875,0.5175,4.12,0.18416262135922332
2482,O4,35,0.75,0.5,4.12,0.1820388349514563
2482,O5R,35,0.5175,0.035,4.12,0.12560679611650485
2519,O1,0,0.51375,0.0275,1.0,0.51375
2519,O2,0,0.51375,0.0275,3.0,0.17125
2519,O3,0,0.5475,0.095,1.3199999999999998,0.4147727272727273
2519,O4,0,0.5225,0.045,1.3199999999999998,0.39583333333333337
2519,O5R,0,0.51375,0.0275,1.3199999999999998,0.3892045454545455
2519,O1,2,0.51375,0.0275,1.0,0.51375
2519,O2,2,0.51375,0.0275,5.0,0.10275000000000001
2519,O3,2,0.5475,0.095,1.4799999999999998,0.36993243243243246
2519,O4,2,0.5225,0.045,1.4799999999999998,0.35304054054054057
2519,O5R,2,0.51375,0.0275,1.4799999999999998,0.34712837837837845
2519,O1,5,0.51375,0.0275,1.0,0.51375
2519,O2,5,0.51375,0.0275,8.0,0.06421875
2519,O3,5,0.5475,0.095,1.7199999999999998,0.31831395348837216
2519,O4,5,0.5225,0.045,1.7199999999999998,0.3037790697674419
2519,O5R,5,0.51375,0.0275,1.7199999999999998,0.29869186046511637
2519,O1,10,0.51375,0.0275,1.0,0.51375
2519,O2,10,0.51375,0.0275,13.0,0.03951923076923077
2519,O3,10,0.5475,0.095,2.12,0.25825471698113206
2519,O4,10,0.5225,0.045,2.12,0.24646226415094336
2519,O5R,10,0.51375,0.0275,2.12,0.24233490566037735
2519,O1,20,0.51375,0.0275,1.0,0.51375
2519,O2,20,0.51375,0.0275,23.0,0.022336956521739133
2519,O3,20,0.5475,0.095,2.92,0.1875
2519,O4,20,0.5225,0.045,2.92,0.17893835616438356
2519,O5R,20,0.51375,0.0275,2.92,0.17594178082191783
2519,O1,35,0.51375,0.0275,1.0,0.51375
2519,O2,35,0.51625,0.0325,38.0,0.013585526315789473
2519,O3,35,0.5475,0.095,4.12,0.1328883495145631
2519,O4,35,0.5225,0.045,4.12,0.12682038834951456
2519,O5R,35,0.51375,0.0275,4.12,0.12469660194174757
2556,O1,0,0.64125,0.2825,1.0,0.64125
2556,O2,0,0.46875,-0.0625,3.0,0.15625
2556,O3,0,0.51875,0.0375,1.3199999999999998,0.3929924242424243
2556,O4,0,0.5575,0.115,1.3199999999999998,0.4223484848484849
2556,O5R,0,0.6775,0.355,1.3199999999999998,0.5132575757575758
2556,O1,2,0.64125,0.2825,1.0,0.64125
2556,O2,2,0.46875,-0.0625,5.0,0.09375
2556,O3,2,0.51875,0.0375,1.4799999999999998,0.35050675675675685
2556,O4,2,0.5575,0.115,1.4799999999999998,0.37668918918918926
2556,O5R,2,0.6775,0.355,1.4799999999999998,0.45777027027027034
2556,O1,5,0.64125,0.2825,1.0,0.64125
2556,O2,5,0.46875,-0.0625,8.0,0.05859375
2556,O3,5,0.52375,0.0475,1.7199999999999998,0.30450581395348847
2556,O4,5,0.5575,0.115,1.7199999999999998,0.3241279069767442
2556,O5R,5,0.6775,0.355,1.7199999999999998,0.39389534883720934
2556,O1,10,0.64125,0.2825,1.0,0.64125
2556,O2,10,0.46875,-0.0625,13.0,0.036057692307692304
2556,O3,10,0.525,0.05,2.12,0.24764150943396226
2556,O4,10,0.5575,0.115,2.12,0.26297169811320753
2556,O5R,10,0.6775,0.355,2.12,0.3195754716981132
2556,O1,20,0.64,0.28,1.0,0.64
2556,O2,20,0.46875,-0.0625,23.0,0.020380434782608696
2556,O3,20,0.52625,0.0525,2.92,0.18022260273972604
2556,O4,20,0.5575,0.115,2.92,0.1909246575342466
2556,O5R,20,0.6775,0.355,2.92,0.2320205479452055
2556,O1,35,0.6425,0.285,1.0,0.6425
2556,O2,35,0.46875,-0.0625,38.0,0.012335526315789474
2556,O3,35,0.52625,0.0525,4.12,0.12773058252427183
2556,O4,35,0.5625,0.125,4.12,0.13652912621359223
2556,O5R,35,0.6775,0.355,4.12,0.16444174757281552
2593,O1,0,0.63125,0.2625,1.0,0.63125
2593,O2,0,0.52625,0.0525,3.0,0.17541666666666667
2593,O3,0,0.52625,0.0525,1.3199999999999998,0.3986742424242425
2593,O4,0,0.645,0.29,1.3199999999999998,0.4886363636363637
2593,O5R,0,0.64875,0.2975,1.3199999999999998,0.4914772727272728
2593,O1,2,0.63125,0.2625,1.0,0.63125
2593,O2,2,0.52625,0.0525,5.0,0.10525
2593,O3,2,0.52625,0.0525,1.4799999999999998,0.3555743243243244
2593,O4,2,0.645,0.29,1.4799999999999998,0.4358108108108109
2593,O5R,2,0.64875,0.2975,1.4799999999999998,0.4383445945945947
2593,O1,5,0.63125,0.2625,1.0,0.63125
2593,O2,5,0.52625,0.0525,8.0,0.06578125
2593,O3,5,0.52625,0.0525,1.7199999999999998,0.30595930232558144
2593,O4,5,0.645,0.29,1.7199999999999998,0.37500000000000006
2593,O5R,5,0.64875,0.2975,1.7199999999999998,0.3771802325581396
2593,O1,10,0.63125,0.2625,1.0,0.63125
2593,O2,10,0.52625,0.0525,13.0,0.04048076923076923
2593,O3,10,0.52625,0.0525,2.12,0.24823113207547168
2593,O4,10,0.645,0.29,2.12,0.30424528301886794
2593,O5R,10,0.64875,0.2975,2.12,0.30601415094339623
2593,O1,20,0.63125,0.2625,1.0,0.63125
2593,O2,20,0.52625,0.0525,23.0,0.022880434782608695
2593,O3,20,0.52625,0.0525,2.92,0.18022260273972604
2593,O4,20,0.645,0.29,2.92,0.22089041095890413
2593,O5R,20,0.64875,0.2975,2.92,0.2221746575342466
2593,O1,35,0.63125,0.2625,1.0,0.63125
2593,O2,35,0.53625,0.0725,38.0,0.014111842105263159
2593,O3,35,0.52625,0.0525,4.12,0.12773058252427183
2593,O4,35,0.6425,0.285,4.12,0.15594660194174756
2593,O5R,35,0.64875,0.2975,4.12,0.1574635922330097
2630,O1,0,0.6725,0.345,1.0,0.6725
2630,O2,0,0.71125,0.4225,3.0,0.23708333333333334
2630,O3,0,0.6725,0.345,1.3199999999999998,0.509469696969697
2630,O4,0,0.62125,0.2425,1.3199999999999998,0.47064393939393945
2630,O5R,0,0.62,0.24,1.3199999999999998,0.4696969696969697
2630,O1,2,0.6725,0.345,1.0,0.6725
2630,O2,2,0.71125,0.4225,5.0,0.14225000000000002
2630,O3,2,0.6725,0.345,1.4799999999999998,0.45439189189189194
2630,O4,2,0.62125,0.2425,1.4799999999999998,0.41976351351351354
2630,O5R,2,0.62,0.24,1.4799999999999998,0.41891891891891897
2630,O1,5,0.6725,0.345,1.0,0.6725
2630,O2,5,0.71125,0.4225,8.0,0.08890625
2630,O3,5,0.6725,0.345,1.7199999999999998,0.3909883720930233
2630,O4,5,0.62125,0.2425,1.7199999999999998,0.3611918604651163
2630,O5R,5,0.62,0.24,1.7199999999999998,0.3604651162790698
2630,O1,10,0.6725,0.345,1.0,0.6725
2630,O2,10,0.7175,0.435,13.0,0.05519230769230769
2630,O3,10,0.6725,0.345,2.12,0.31721698113207547
2630,O4,10,0.62125,0.2425,2.12,0.29304245283018865
2630,O5R,10,0.62,0.24,2.12,0.29245283018867924
2630,O1,20,0.6725,0.345,1.0,0.6725
2630,O2,20,0.73,0.46,23.0,0.03173913043478261
2630,O3,20,0.6725,0.345,2.92,0.2303082191780822
2630,O4,20,0.62125,0.2425,2.92,0.2127568493150685
2630,O5R,20,0.62,0.24,2.92,0.2123287671232877
2630,O1,35,0.6725,0.345,1.0,0.6725
2630,O2,35,0.75,0.5,38.0,0.019736842105263157
2630,O3,35,0.6725,0.345,4.12,0.1632281553398058
2630,O4,35,0.62125,0.2425,4.12,0.1507888349514563
2630,O5R,35,0.62,0.24,4.12,0.15048543689320387
2667,O1,0,0.69875,0.3975,1.0,0.69875
2667,O2,0,0.50375,0.0075,3.0,0.1679166666666667
2667,O3,0,0.6975,0.395,1.3199999999999998,0.5284090909090909
2667,O4,0,0.75375,0.5075,1.3199999999999998,0.5710227272727274
2667,O5R,0,0.68625,0.3725,1.3199999999999998,0.5198863636363638
2667,O1,2,0.6975,0.395,1.0,0.6975
2667,O2,2,0.50375,0.0075,5.0,0.10075
2667,O3,2,0.6975,0.395,1.4799999999999998,0.4712837837837839
2667,O4,2,0.75375,0.5075,1.4799999999999998,0.5092905405405407
2667,O5R,2,0.68625,0.3725,1.4799999999999998,0.4636824324324325
2667,O1,5,0.69875,0.3975,1.0,0.69875
2667,O2,5,0.50375,0.0075,8.0,0.06296875
2667,O3,5,0.6975,0.395,1.7199999999999998,0.40552325581395354
2667,O4,5,0.75375,0.5075,1.7199999999999998,0.43822674418604657
2667,O5R,5,0.68625,0.3725,1.7199999999999998,0.398982558139535
2667,O1,10,0.69875,0.3975,1.0,0.69875
2667,O2,10,0.50375,0.0075,13.0,0.03875
2667,O3,10,0.6975,0.395,2.12,0.3290094339622641
2667,O4,10,0.75375,0.5075,2.12,0.35554245283018865
2667,O5R,10,0.68625,0.3725,2.12,0.32370283018867924
2667,O1,20,0.69875,0.3975,1.0,0.69875
2667,O2,20,0.515,0.03,23.0,0.022391304347826088
2667,O3,20,0.6975,0.395,2.92,0.23886986301369864
2667,O4,20,0.75375,0.5075,2.92,0.2581335616438356
2667,O5R,20,0.68625,0.3725,2.92,0.23501712328767124
2667,O1,35,0.69875,0.3975,1.0,0.69875
2667,O2,35,0.5325,0.065,38.0,0.014013157894736842
2667,O3,35,0.6975,0.395,4.12,0.16929611650485438
2667,O4,35,0.75375,0.5075,4.12,0.1829490291262136
2667,O5R,35,0.68625,0.3725,4.12,0.16656553398058252
2704,O1,0,0.64375,0.2875,1.0,0.64375
2704,O2,0,0.465,-0.07,3.0,0.155
2704,O3,0,0.655,0.31,1.3199999999999998,0.49621212121212127
2704,O4,0,0.6225,0.245,1.3199999999999998,0.47159090909090917
2704,O5R,0,0.465,-0.07,1.3199999999999998,0.35227272727272735
2704,O1,2,0.64375,0.2875,1.0,0.64375
2704,O2,2,0.465,-0.07,5.0,0.093
2704,O3,2,0.655,0.31,1.4799999999999998,0.44256756756756765
2704,O4,2,0.62125,0.2425,1.4799999999999998,0.41976351351351354
2704,O5R,2,0.46625,-0.0675,1.4799999999999998,0.3150337837837838
2704,O1,5,0.64375,0.2875,1.0,0.64375
2704,O2,5,0.465,-0.07,8.0,0.058125
2704,O3,5,0.655,0.31,1.7199999999999998,0.38081395348837216
2704,O4,5,0.6225,0.245,1.7199999999999998,0.3619186046511629
2704,O5R,5,0.4675,-0.065,1.7199999999999998,0.2718023255813954
2704,O1,10,0.64375,0.2875,1.0,0.64375
2704,O2,10,0.465,-0.07,13.0,0.03576923076923077
2704,O3,10,0.65375,0.3075,2.12,0.308372641509434
2704,O4,10,0.62625,0.2525,2.12,0.2954009433962264
2704,O5R,10,0.47125,-0.0575,2.12,0.2222877358490566
2704,O1,20,0.64375,0.2875,1.0,0.64375
2704,O2,20,0.465,-0.07,23.0,0.020217391304347826
2704,O3,20,0.65375,0.3075,2.92,0.22388698630136988
2704,O4,20,0.63,0.26,2.92,0.21575342465753425
2704,O5R,20,0.5125,0.025,2.92,0.17551369863013697
2704,O1,35,0.64375,0.2875,1.0,0.64375
2704,O2,35,0.465,-0.07,38.0,0.012236842105263159
2704,O3,35,0.6525,0.305,4.12,0.15837378640776698
2704,O4,35,0.63,0.26,4.12,0.1529126213592233
2704,O5R,35,0.56625,0.1325,4.12,0.13743932038834952
2741,O1,0,0.70375,0.4075,1.0,0.70375
2741,O2,0,0.49,-0.02,3.0,0.16333333333333333
2741,O3,0,0.65375,0.3075,1.3199999999999998,0.4952651515151516
2741,O4,0,0.75,0.5,1.3199999999999998,0.5681818181818182
2741,O5R,0,0.6475,0.295,1.3199999999999998,0.49053030303030304
2741,O1,2,0.70625,0.4125,1.0,0.70625
2741,O2,2,0.49,-0.02,5.0,0.098
2741,O3,2,0.6525,0.305,1.4799999999999998,0.44087837837837845
2741,O4,2,0.7475,0.495,1.4799999999999998,0.5050675675675677
2741,O5R,2,0.6475,0.295,1.4799999999999998,0.43750000000000006
2741,O1,5,0.70875,0.4175,1.0,0.70875
2741,O2,5,0.49,-0.02,8.0,0.06125
2741,O3,5,0.6525,0.305,1.7199999999999998,0.37936046511627913
2741,O4,5,0.7475,0.495,1.7199999999999998,0.43459302325581406
2741,O5R,5,0.6475,0.295,1.7199999999999998,0.3764534883720931
2741,O1,10,0.70875,0.4175,1.0,0.70875
2741,O2,10,0.49,-0.02,13.0,0.03769230769230769
2741,O3,10,0.6525,0.305,2.12,0.3077830188679245
2741,O4,10,0.75,0.5,2.12,0.35377358490566035
2741,O5R,10,0.6475,0.295,2.12,0.30542452830188677
2741,O1,20,0.715,0.43,1.0,0.715
2741,O2,20,0.4925,-0.015,23.0,0.021413043478260868
2741,O3,20,0.6525,0.305,2.92,0.22345890410958905
2741,O4,20,0.745,0.49,2.92,0.2551369863013699
2741,O5R,20,0.6475,0.295,2.92,0.22174657534246575
2741,O1,35,0.715,0.43,1.0,0.715
2741,O2,35,0.5025,0.005,38.0,0.013223684210526315
2741,O3,35,0.6525,0.305,4.12,0.15837378640776698
2741,O4,35,0.745,0.49,4.12,0.1808252427184466
2741,O5R,35,0.6475,0.295,4.12,0.15716019417475727
2778,O1,0,0.67,0.34,1.0,0.67
2778,O2,0,0.505,0.01,3.0,0.16833333333333333
2778,O3,0,0.6875,0.375,1.3199999999999998,0.5208333333333334
2778,O4,0,0.68875,0.3775,1.3199999999999998,0.5217803030303031
2778,O5R,0,0.6575,0.315,1.3199999999999998,0.49810606060606066
2778,O1,2,0.67,0.34,1.0,0.67
2778,O2,2,0.505,0.01,5.0,0.101
2778,O3,2,0.6875,0.375,1.4799999999999998,0.4645270270270271
2778,O4,2,0.68875,0.3775,1.4799999999999998,0.46537162162162166
2778,O5R,2,0.6575,0.315,1.4799999999999998,0.4442567567567568
2778,O1,5,0.67,0.34,1.0,0.67
2778,O2,5,0.51125,0.0225,8.0,0.06390625
2778,O3,5,0.6875,0.375,1.7199999999999998,0.39970930232558144
2778,O4,5,0.68875,0.3775,1.7199999999999998,0.40043604651162795
2778,O5R,5,0.6575,0.315,1.7199999999999998,0.38226744186046513
2778,O1,10,0.67,0.34,1.0,0.67
2778,O2,10,0.5175,0.035,13.0,0.03980769230769231
2778,O3,10,0.68875,0.3775,2.12,0.32488207547169806
2778,O4,10,0.68875,0.3775,2.12,0.32488207547169806
2778,O5R,10,0.6575,0.315,2.12,0.31014150943396224
2778,O1,20,0.67,0.34,1.0,0.67
2778,O2,20,0.5425,0.085,23.0,0.02358695652173913
2778,O3,20,0.69,0.38,2.92,0.2363013698630137
2778,O4,20,0.6925,0.385,2.92,0.23715753424657535
2778,O5R,20,0.6575,0.315,2.92,0.2251712328767123
2778,O1,35,0.67125,0.3425,1.0,0.67125
2778,O2,35,0.58125,0.1625,38.0,0.015296052631578948
2778,O3,35,0.68875,0.3775,4.12,0.16717233009708737
2778,O4,35,0.6975,0.395,4.12,0.16929611650485438
2778,O5R,35,0.65625,0.3125,4.12,0.15928398058252427
2815,O1,0,0.72375,0.4475,1.0,0.72375
2815,O2,0,0.49875,-0.0025,3.0,0.16625
2815,O3,0,0.66375,0.3275,1.3199999999999998,0.5028409090909091
2815,O4,0,0.61125,0.2225,1.3199999999999998,0.4630681818181818
2815,O5R,0,0.66625,0.3325,1.3199999999999998,0.5047348484848485
2815,O1,2,0.72375,0.4475,1.0,0.72375
2815,O2,2,0.49875,-0.0025,5.0,0.09975
2815,O3,2,0.66375,0.3275,1.4799999999999998,0.44847972972972977
2815,O4,2,0.61125,0.2225,1.4799999999999998,0.4130067567567568
2815,O5R,2,0.66625,0.3325,1.4799999999999998,0.450168918918919
2815,O1,5,0.72375,0.4475,1.0,0.72375
2815,O2,5,0.49875,-0.0025,8.0,0.06234375
2815,O3,5,0.66375,0.3275,1.7199999999999998,0.3859011627906977
2815,O4,5,0.61125,0.2225,1.7199999999999998,0.3553779069767442
2815,O5R,5,0.66625,0.3325,1.7199999999999998,0.3873546511627908
2815,O1,10,0.72375,0.4475,1.0,0.72375
2815,O2,10,0.49875,-0.0025,13.0,0.03836538461538462
2815,O3,10,0.66375,0.3275,2.12,0.3130896226415094
2815,O4,10,0.61125,0.2225,2.12,0.2883254716981132
2815,O5R,10,0.66625,0.3325,2.12,0.3142688679245283
2815,O1,20,0.72375,0.4475,1.0,0.72375
2815,O2,20,0.49875,-0.0025,23.0,0.021684782608695653
2815,O3,20,0.66375,0.3275,2.92,0.22731164383561642
2815,O4,20,0.61125,0.2225,2.92,0.2093321917808219
2815,O5R,20,0.66625,0.3325,2.92,0.2281678082191781
2815,O1,35,0.72375,0.4475,1.0,0.72375
2815,O2,35,0.49875,-0.0025,38.0,0.013125000000000001
2815,O3,35,0.66375,0.3275,4.12,0.16110436893203883
2815,O4,35,0.61125,0.2225,4.12,0.14836165048543687
2815,O5R,35,0.66625,0.3325,4.12,0.1617111650485437
2852,O1,0,0.6925,0.385,1.0,0.6925
2852,O2,0,0.5025,0.005,3.0,0.16749999999999998
2852,O3,0,0.67625,0.3525,1.3199999999999998,0.5123106060606062
2852,O4,0,0.6675,0.335,1.3199999999999998,0.5056818181818182
2852,O5R,0,0.605,0.21,1.3199999999999998,0.45833333333333337
2852,O1,2,0.6925,0.385,1.0,0.6925
2852,O2,2,0.5025,0.005,5.0,0.10049999999999999
2852,O3,2,0.67625,0.3525,1.4799999999999998,0.45692567567567577
2852,O4,2,0.6675,0.335,1.4799999999999998,0.4510135135135136
2852,O5R,2,0.605,0.21,1.4799999999999998,0.4087837837837838
2852,O1,5,0.6925,0.385,1.0,0.6925
2852,O2,5,0.50375,0.0075,8.0,0.06296875
2852,O3,5,0.67625,0.3525,1.7199999999999998,0.3931686046511629
2852,O4,5,0.6675,0.335,1.7199999999999998,0.38808139534883723
2852,O5R,5,0.605,0.21,1.7199999999999998,0.35174418604651164
2852,O1,10,0.6925,0.385,1.0,0.6925
2852,O2,10,0.505,0.01,13.0,0.03884615384615385
2852,O3,10,0.67625,0.3525,2.12,0.31898584905660377
2852,O4,10,0.6675,0.335,2.12,0.3148584905660377
2852,O5R,10,0.605,0.21,2.12,0.285377358490566
2852,O1,20,0.6925,0.385,1.0,0.6925
2852,O2,20,0.51875,0.0375,23.0,0.022554347826086958
2852,O3,20,0.67625,0.3525,2.92,0.23159246575342468
2852,O4,20,0.6675,0.335,2.92,0.2285958904109589
2852,O5R,20,0.605,0.21,2.92,0.2071917808219178
2852,O1,35,0.6925,0.385,1.0,0.6925
2852,O2,35,0.5325,0.065,38.0,0.014013157894736842
2852,O3,35,0.67875,0.3575,4.12,0.16474514563106796
2852,O4,35,0.6675,0.335,4.12,0.1620145631067961
2852,O5R,35,0.605,0.21,4.12,0.14684466019417475
2889,O1,0,0.69625,0.3925,1.0,0.69625
2889,O2,0,0.5025,0.005,3.0,0.16749999999999998
2889,O3,0,0.69625,0.3925,1.3199999999999998,0.5274621212121213
2889,O4,0,0.71,0.42,1.3199999999999998,0.537878787878788
2889,O5R,0,0.5025,0.005,1.3199999999999998,0.3806818181818182
2889,O1,2,0.69625,0.3925,1.0,0.69625
2889,O2,2,0.5025,0.005,5.0,0.10049999999999999
2889,O3,2,0.69625,0.3925,1.4799999999999998,0.4704391891891893
2889,O4,2,0.71,0.42,1.4799999999999998,0.47972972972972977
2889,O5R,2,0.5025,0.005,1.4799999999999998,0.33952702702702703
2889,O1,5,0.69625,0.3925,1.0,0.69625
2889,O2,5,0.5025,0.005,8.0,0.0628125
2889,O3,5,0.69625,0.3925,1.7199999999999998,0.40479651162790703
2889,O4,5,0.71,0.42,1.7199999999999998,0.4127906976744186
2889,O5R,5,0.5025,0.005,1.7199999999999998,0.2921511627906977
2889,O1,10,0.69625,0.3925,1.0,0.69625
2889,O2,10,0.5025,0.005,13.0,0.03865384615384615
2889,O3,10,0.69625,0.3925,2.12,0.3284198113207547
2889,O4,10,0.71,0.42,2.12,0.33490566037735847
2889,O5R,10,0.5025,0.005,2.12,0.23702830188679241
2889,O1,20,0.69625,0.3925,1.0,0.69625
2889,O2,20,0.5025,0.005,23.0,0.02184782608695652
2889,O3,20,0.69625,0.3925,2.92,0.23844178082191783
2889,O4,20,0.71,0.42,2.92,0.24315068493150685
2889,O5R,20,0.5025,0.005,2.92,0.1720890410958904
2889,O1,35,0.69625,0.3925,1.0,0.69625
2889,O2,35,0.5025,0.005,38.0,0.013223684210526315
2889,O3,35,0.69625,0.3925,4.12,0.16899271844660194
2889,O4,35,0.71,0.42,4.12,0.17233009708737862
2889,O5R,35,0.5025,0.005,4.12,0.12196601941747572
2926,O1,0,0.68,0.36,1.0,0.68
2926,O2,0,0.6875,0.375,3.0,0.22916666666666666
2926,O3,0,0.66125,0.3225,1.3199999999999998,0.5009469696969697
2926,O4,0,0.66125,0.3225,1.3199999999999998,0.5009469696969697
2926,O5R,0,0.47875,-0.0425,1.3199999999999998,0.362689393939394
2926,O1,2,0.68,0.36,1.0,0.68
2926,O2,2,0.6925,0.385,5.0,0.1385
2926,O3,2,0.66125,0.3225,1.4799999999999998,0.4467905405405406
2926,O4,2,0.66125,0.3225,1.4799999999999998,0.4467905405405406
2926,O5R,2,0.47875,-0.0425,1.4799999999999998,0.32347972972972977
2926,O1,5,0.68,0.36,1.0,0.68
2926,O2,5,0.695,0.39,8.0,0.086875
2926,O3,5,0.66125,0.3225,1.7199999999999998,0.3844476744186047
2926,O4,5,0.66125,0.3225,1.7199999999999998,0.3844476744186047
2926,O5R,5,0.47875,-0.0425,1.7199999999999998,0.278343023255814
2926,O1,10,0.68,0.36,1.0,0.68
2926,O2,10,0.70375,0.4075,13.0,0.054134615384615385
2926,O3,10,0.66125,0.3225,2.12,0.31191037735849053
2926,O4,10,0.66125,0.3225,2.12,0.31191037735849053
2926,O5R,10,0.47875,-0.0425,2.12,0.2258254716981132
2926,O1,20,0.68,0.36,1.0,0.68
2926,O2,20,0.72375,0.4475,23.0,0.03146739130434783
2926,O3,20,0.66125,0.3225,2.92,0.2264554794520548
2926,O4,20,0.66125,0.3225,2.92,0.2264554794520548
2926,O5R,20,0.47875,-0.0425,2.92,0.1639554794520548
2926,O1,35,0.68,0.36,1.0,0.68
2926,O2,35,0.7425,0.485,38.0,0.019539473684210527
2926,O3,35,0.66375,0.3275,4.12,0.16110436893203883
2926,O4,35,0.66125,0.3225,4.12,0.16049757281553398
2926,O5R,35,0.47875,-0.0425,4.12,0.11620145631067962
2963,O1,0,0.6825,0.365,1.0,0.6825
2963,O2,0,0.54,0.08,3.0,0.18000000000000002
2963,O3,0,0.6775,0.355,1.3199999999999998,0.5132575757575758
2963,O4,0,0.63625,0.2725,1.3199999999999998,0.4820075757575758
2963,O5R,0,0.6425,0.285,1.3199999999999998,0.48674242424242425
2963,O1,2,0.6825,0.365,1.0,0.6825
2963,O2,2,0.54,0.08,5.0,0.10800000000000001
2963,O3,2,0.6775,0.355,1.4799999999999998,0.45777027027027034
2963,O4,2,0.63625,0.2725,1.4799999999999998,0.4298986486486487
2963,O5R,2,0.6425,0.285,1.4799999999999998,0.43412162162162166
2963,O1,5,0.6825,0.365,1.0,0.6825
2963,O2,5,0.5425,0.085,8.0,0.0678125
2963,O3,5,0.6775,0.355,1.7199999999999998,0.39389534883720934
2963,O4,5,0.63625,0.2725,1.7199999999999998,0.36991279069767447
2963,O5R,5,0.6425,0.285,1.7199999999999998,0.37354651162790703
2963,O1,10,0.6825,0.365,1.0,0.6825
2963,O2,10,0.54875,0.0975,13.0,0.04221153846153846
2963,O3,10,0.6775,0.355,2.12,0.3195754716981132
2963,O4,10,0.63625,0.2725,2.12,0.3001179245283019
2963,O5R,10,0.6425,0.285,2.12,0.303066037735849
2963,O1,20,0.6825,0.365,1.0,0.6825
2963,O2,20,0.55,0.1,23.0,0.02391304347826087
2963,O3,20,0.6775,0.355,2.92,0.2320205479452055
2963,O4,20,0.63625,0.2725,2.92,0.21789383561643835
2963,O5R,20,0.6425,0.285,2.92,0.22003424657534246
2963,O1,35,0.6825,0.365,1.0,0.6825
2963,O2,35,0.5675,0.135,38.0,0.01493421052631579
2963,O3,35,0.6775,0.355,4.12,0.16444174757281552
2963,O4,35,0.635,0.27,4.12,0.154126213592233
2963,O5R,35,0.6425,0.285,4.12,0.15594660194174756
3000,O1,0,0.615,0.23,1.0,0.615
3000,O2,0,0.52375,0.0475,3.0,0.17458333333333334
3000,O3,0,0.68875,0.3775,1.3199999999999998,0.5217803030303031
3000,O4,0,0.5975,0.195,1.3199999999999998,0.45265151515151525
3000,O5R,0,0.64,0.28,1.3199999999999998,0.4848484848484849
3000,O1,2,0.615,0.23,1.0,0.615
3000,O2,2,0.52375,0.0475,5.0,0.10475000000000001
3000,O3,2,0.68875,0.3775,1.4799999999999998,0.46537162162162166
3000,O4,2,0.5975,0.195,1.4799999999999998,0.4037162162162163
3000,O5R,2,0.64,0.28,1.4799999999999998,0.4324324324324325
3000,O1,5,0.615,0.23,1.0,0.615
3000,O2,5,0.52375,0.0475,8.0,0.06546875
3000,O3,5,0.68875,0.3775,1.7199999999999998,0.40043604651162795
3000,O4,5,0.59875,0.1975,1.7199999999999998,0.34811046511627913
3000,O5R,5,0.64,0.28,1.7199999999999998,0.372093023255814
3000,O1,10,0.615,0.23,1.0,0.615
3000,O2,10,0.52375,0.0475,13.0,0.040288461538461544
3000,O3,10,0.69,0.38,2.12,0.32547169811320753
3000,O4,10,0.60375,0.2075,2.12,0.2847877358490566
3000,O5R,10,0.64,0.28,2.12,0.3018867924528302
3000,O1,20,0.61375,0.2275,1.0,0.61375
3000,O2,20,0.5275,0.055,23.0,0.02293478260869565
3000,O3,20,0.69,0.38,2.92,0.2363013698630137
3000,O4,20,0.605,0.21,2.92,0.2071917808219178
3000,O5R,20,0.64,0.28,2.92,0.21917808219178084
3000,O1,35,0.62375,0.2475,1.0,0.62375
3000,O2,35,0.54,0.08,38.0,0.014210526315789474
3000,O3,35,0.69,0.38,4.12,0.1674757281553398
3000,O4,35,0.605,0.21,4.12,0.14684466019417475
3000,O5R,35,0.64,0.28,4.12,0.1553398058252427
3037,O1,0,0.48125,-0.0375,1.0,0.48125
3037,O2,0,0.48125,-0.0375,3.0,0.16041666666666668
3037,O3,0,0.53125,0.0625,1.3199999999999998,0.40246212121212127
3037,O4,0,0.6275,0.255,1.3199999999999998,0.4753787878787879
3037,O5R,0,0.65,0.3,1.3199999999999998,0.4924242424242425
3037,O1,2,0.48125,-0.0375,1.0,0.48125
3037,O2,2,0.48125,-0.0375,5.0,0.09625
3037,O3,2,0.53125,0.0625,1.4799999999999998,0.35895270270270274
3037,O4,2,0.6275,0.255,1.4799999999999998,0.4239864864864865
3037,O5R,2,0.65,0.3,1.4799999999999998,0.43918918918918926
3037,O1,5,0.48125,-0.0375,1.0,0.48125
3037,O2,5,0.48125,-0.0375,8.0,0.06015625
3037,O3,5,0.53125,0.0625,1.7199999999999998,0.3088662790697675
3037,O4,5,0.6275,0.255,1.7199999999999998,0.3648255813953489
3037,O5R,5,0.65,0.3,1.7199999999999998,0.3779069767441861
3037,O1,10,0.48125,-0.0375,1.0,0.48125
3037,O2,10,0.48125,-0.0375,13.0,0.03701923076923077
3037,O3,10,0.53125,0.0625,2.12,0.2505896226415094
3037,O4,10,0.6275,0.255,2.12,0.2959905660377358
3037,O5R,10,0.65,0.3,2.12,0.30660377358490565
3037,O1,20,0.48125,-0.0375,1.0,0.48125
3037,O2,20,0.48125,-0.0375,23.0,0.02092391304347826
3037,O3,20,0.53625,0.0725,2.92,0.1836472602739726
3037,O4,20,0.6275,0.255,2.92,0.2148972602739726
3037,O5R,20,0.65,0.3,2.92,0.2226027397260274
3037,O1,35,0.48125,-0.0375,1.0,0.48125
3037,O2,35,0.48125,-0.0375,38.0,0.012664473684210526
3037,O3,35,0.54375,0.0875,4.12,0.1319781553398058
3037,O4,35,0.6275,0.255,4.12,0.15230582524271843
3037,O5R,35,0.65,0.3,4.12,0.15776699029126215
3074,O1,0,0.675,0.35,1.0,0.675
3074,O2,0,0.5,0.0,3.0,0.16666666666666666
3074,O3,0,0.675,0.35,1.3199999999999998,0.5113636363636365
3074,O4,0,0.6975,0.395,1.3199999999999998,0.5284090909090909
3074,O5R,0,0.5,0.0,1.3199999999999998,0.37878787878787884
3074,O1,2,0.675,0.35,1.0,0.675
3074,O2,2,0.50625,0.0125,5.0,0.10124999999999999
3074,O3,2,0.675,0.35,1.4799999999999998,0.4560810810810812
3074,O4,2,0.6975,0.395,1.4799999999999998,0.4712837837837839
3074,O5R,2,0.5,0.0,1.4799999999999998,0.3378378378378379
3074,O1,5,0.675,0.35,1.0,0.675
3074,O2,5,0.50875,0.0175,8.0,0.06359375
3074,O3,5,0.675,0.35,1.7199999999999998,0.39244186046511637
3074,O4,5,0.6975,0.395,1.7199999999999998,0.40552325581395354
3074,O5R,5,0.5,0.0,1.7199999999999998,0.29069767441860467
3074,O1,10,0.6775,0.355,1.0,0.6775
3074,O2,10,0.515,0.03,13.0,0.039615384615384615
3074,O3,10,0.675,0.35,2.12,0.31839622641509435
3074,O4,10,0.6975,0.395,2.12,0.3290094339622641
3074,O5R,10,0.5,0.0,2.12,0.23584905660377356
3074,O1,20,0.67625,0.3525,1.0,0.67625
3074,O2,20,0.52125,0.0425,23.0,0.02266304347826087
3074,O3,20,0.675,0.35,2.92,0.23116438356164384
3074,O4,20,0.7,0.4,2.92,0.23972602739726026
3074,O5R,20,0.5,0.0,2.92,0.17123287671232876
3074,O1,35,0.6725,0.345,1.0,0.6725
3074,O2,35,0.53625,0.0725,38.0,0.014111842105263159
3074,O3,35,0.675,0.35,4.12,0.1638349514563107
3074,O4,35,0.705,0.41,4.12,0.1711165048543689
3074,O5R,35,0.5,0.0,4.12,0.12135922330097088
3111,O1,0,0.67375,0.3475,1.0,0.67375
3111,O2,0,0.49375,-0.0125,3.0,0.16458333333333333
3111,O3,0,0.66125,0.3225,1.3199999999999998,0.5009469696969697
3111,O4,0,0.64875,0.2975,1.3199999999999998,0.4914772727272728
3111,O5R,0,0.49375,-0.0125,1.3199999999999998,0.3740530303030304
3111,O1,2,0.67375,0.3475,1.0,0.67375
3111,O2,2,0.49375,-0.0125,5.0,0.09875
3111,O3,2,0.6625,0.325,1.4799999999999998,0.4476351351351352
3111,O4,2,0.64875,0.2975,1.4799999999999998,0.4383445945945947
3111,O5R,2,0.49375,-0.0125,1.4799999999999998,0.3336148648648649
3111,O1,5,0.67375,0.3475,1.0,0.67375
3111,O2,5,0.49375,-0.0125,8.0,0.06171875
3111,O3,5,0.6625,0.325,1.7199999999999998,0.3851744186046512
3111,O4,5,0.64875,0.2975,1.7199999999999998,0.3771802325581396
3111,O5R,5,0.49375,-0.0125,1.7199999999999998,0.28706395348837216
3111,O1,10,0.67375,0.3475,1.0,0.67375
3111,O2,10,0.49375,-0.0125,13.0,0.037980769230769235
3111,O3,10,0.66375,0.3275,2.12,0.3130896226415094
3111,O4,10,0.64875,0.2975,2.12,0.30601415094339623
3111,O5R,10,0.49375,-0.0125,2.12,0.2329009433962264
3111,O1,20,0.67375,0.3475,1.0,0.67375
3111,O2,20,0.5,0.0,23.0,0.021739130434782608
3111,O3,20,0.67375,0.3475,2.92,0.230736301369863
3111,O4,20,0.64875,0.2975,2.92,0.2221746575342466
3111,O5R,20,0.49375,-0.0125,2.92,0.16909246575342468
3111,O1,35,0.67375,0.3475,1.0,0.67375
3111,O2,35,0.50875,0.0175,38.0,0.013388157894736843
3111,O3,35,0.67375,0.3475,4.12,0.16353155339805825
3111,O4,35,0.64875,0.2975,4.12,0.1574635922330097
3111,O5R,35,0.49375,-0.0125,4.12,0.11984223300970874
3148,O1,0,0.7025,0.405,1.0,0.7025
3148,O2,0,0.5075,0.015,3.0,0.16916666666666666
3148,O3,0,0.5475,0.095,1.3199999999999998,0.4147727272727273
3148,O4,0,0.655,0.31,1.3199999999999998,0.49621212121212127
3148,O5R,0,0.5475,0.095,1.3199999999999998,0.4147727272727273
3148,O1,2,0.7025,0.405,1.0,0.7025
3148,O2,2,0.5075,0.015,5.0,0.10149999999999999
3148,O3,2,0.5475,0.095,1.4799999999999998,0.36993243243243246
3148,O4,2,0.655,0.31,1.4799999999999998,0.44256756756756765
3148,O5R,2,0.5475,0.095,1.4799999999999998,0.36993243243243246
3148,O1,5,0.7025,0.405,1.0,0.7025
3148,O2,5,0.5075,0.015,8.0,0.0634375
3148,O3,5,0.5475,0.095,1.7199999999999998,0.31831395348837216
3148,O4,5,0.655,0.31,1.7199999999999998,0.38081395348837216
3148,O5R,5,0.5475,0.095,1.7199999999999998,0.31831395348837216
3148,O1,10,0.7025,0.405,1.0,0.7025
3148,O2,10,0.5075,0.015,13.0,0.039038461538461536
3148,O3,10,0.5475,0.095,2.12,0.25825471698113206
3148,O4,10,0.655,0.31,2.12,0.3089622641509434
3148,O5R,10,0.5475,0.095,2.12,0.25825471698113206
3148,O1,20,0.7025,0.405,1.0,0.7025
3148,O2,20,0.50875,0.0175,23.0,0.022119565217391307
3148,O3,20,0.5475,0.095,2.92,0.1875
3148,O4,20,0.655,0.31,2.92,0.2243150684931507
3148,O5R,20,0.5475,0.095,2.92,0.1875
3148,O1,35,0.7025,0.405,1.0,0.7025
3148,O2,35,0.52125,0.0425,38.0,0.013717105263157895
3148,O3,35,0.5475,0.095,4.12,0.1328883495145631
3148,O4,35,0.655,0.31,4.12,0.15898058252427186
3148,O5R,35,0.5475,0.095,4.12,0.1328883495145631
3185,O1,0,0.79,0.58,1.0,0.79
3185,O2,0,0.52,0.04,3.0,0.17333333333333334
3185,O3,0,0.7325,0.465,1.3199999999999998,0.5549242424242425
3185,O4,0,0.7325,0.465,1.3199999999999998,0.5549242424242425
3185,O5R,0,0.64125,0.2825,1.3199999999999998,0.4857954545454546
3185,O1,2,0.79,0.58,1.0,0.79
3185,O2,2,0.5275,0.055,5.0,0.1055
3185,O3,2,0.7325,0.465,1.4799999999999998,0.4949324324324325
3185,O4,2,0.7325,0.465,1.4799999999999998,0.4949324324324325
3185,O5R,2,0.64125,0.2825,1.4799999999999998,0.4332770270270271
3185,O1,5,0.79,0.58,1.0,0.79
3185,O2,5,0.5325,0.065,8.0,0.0665625
3185,O3,5,0.7325,0.465,1.7199999999999998,0.4258720930232559
3185,O4,5,0.7325,0.465,1.7199999999999998,0.4258720930232559
3185,O5R,5,0.64125,0.2825,1.7199999999999998,0.3728197674418605
3185,O1,10,0.79,0.58,1.0,0.79
3185,O2,10,0.535,0.07,13.0,0.04115384615384616
3185,O3,10,0.7325,0.465,2.12,0.3455188679245283
3185,O4,10,0.7325,0.465,2.12,0.3455188679245283
3185,O5R,10,0.64125,0.2825,2.12,0.3024764150943396
3185,O1,20,0.79,0.58,1.0,0.79
3185,O2,20,0.54375,0.0875,23.0,0.023641304347826086
3185,O3,20,0.7325,0.465,2.92,0.2508561643835617
3185,O4,20,0.7325,0.465,2.92,0.2508561643835617
3185,O5R,20,0.64125,0.2825,2.92,0.21960616438356165
3185,O1,35,0.79125,0.5825,1.0,0.79125
3185,O2,35,0.56625,0.1325,38.0,0.014901315789473684
3185,O3,35,0.7325,0.465,4.12,0.17779126213592233
3185,O4,35,0.7325,0.465,4.12,0.17779126213592233
3185,O5R,35,0.64125,0.2825,4.12,0.15564320388349515
3222,O1,0,0.6425,0.285,1.0,0.6425
3222,O2,0,0.50625,0.0125,3.0,0.16874999999999998
3222,O3,0,0.68,0.36,1.3199999999999998,0.5151515151515152
3222,O4,0,0.78125,0.5625,1.3199999999999998,0.5918560606060607
3222,O5R,0,0.62875,0.2575,1.3199999999999998,0.4763257575757577
3222,O1,2,0.645,0.29,1.0,0.645
3222,O2,2,0.50625,0.0125,5.0,0.10124999999999999
3222,O3,2,0.68,0.36,1.4799999999999998,0.45945945945945954
3222,O4,2,0.78125,0.5625,1.4799999999999998,0.5278716216216217
3222,O5R,2,0.62875,0.2575,1.4799999999999998,0.4248310810810812
3222,O1,5,0.65,0.3,1.0,0.65
3222,O2,5,0.50625,0.0125,8.0,0.06328125
3222,O3,5,0.68,0.36,1.7199999999999998,0.3953488372093024
3222,O4,5,0.78125,0.5625,1.7199999999999998,0.45421511627906985
3222,O5R,5,0.62875,0.2575,1.7199999999999998,0.36555232558139544
3222,O1,10,0.65,0.3,1.0,0.65
3222,O2,10,0.50625,0.0125,13.0,0.03894230769230769
3222,O3,10,0.68,0.36,2.12,0.32075471698113206
3222,O4,10,0.78125,0.5625,2.12,0.36851415094339623
3222,O5R,10,0.62875,0.2575,2.12,0.2965801886792453
3222,O1,20,0.65,0.3,1.0,0.65
3222,O2,20,0.51,0.02,23.0,0.022173913043478263
3222,O3,20,0.68,0.36,2.92,0.23287671232876714
3222,O4,20,0.78125,0.5625,2.92,0.2675513698630137
3222,O5R,20,0.62875,0.2575,2.92,0.21532534246575344
3222,O1,35,0.6525,0.305,1.0,0.6525
3222,O2,35,0.5175,0.035,38.0,0.013618421052631578
3222,O3,35,0.68,0.36,4.12,0.1650485436893204
3222,O4,35,0.78125,0.5625,4.12,0.18962378640776698
3222,O5R,35,0.62875,0.2575,4.12,0.15260922330097088
3259,O1,0,0.70375,0.4075,1.0,0.70375
3259,O2,0,0.505,0.01,3.0,0.16833333333333333
3259,O3,0,0.6975,0.395,1.3199999999999998,0.5284090909090909
3259,O4,0,0.67375,0.3475,1.3199999999999998,0.5104166666666667
3259,O5R,0,0.63375,0.2675,1.3199999999999998,0.48011363636363646
3259,O1,2,0.70375,0.4075,1.0,0.70375
3259,O2,2,0.505,0.01,5.0,0.101
3259,O3,2,0.6975,0.395,1.4799999999999998,0.4712837837837839
3259,O4,2,0.67375,0.3475,1.4799999999999998,0.4552364864864865
3259,O5R,2,0.63375,0.2675,1.4799999999999998,0.42820945945945954
3259,O1,5,0.70375,0.4075,1.0,0.70375
3259,O2,5,0.505,0.01,8.0,0.063125
3259,O3,5,0.6975,0.395,1.7199999999999998,0.40552325581395354
3259,O4,5,0.67375,0.3475,1.7199999999999998,0.3917151162790698
3259,O5R,5,0.63375,0.2675,1.7199999999999998,0.3684593023255815
3259,O1,10,0.70375,0.4075,1.0,0.70375
3259,O2,10,0.505,0.01,13.0,0.03884615384615385
3259,O3,10,0.6975,0.395,2.12,0.3290094339622641
3259,O4,10,0.6725,0.345,2.12,0.31721698113207547
3259,O5R,10,0.63375,0.2675,2.12,0.298938679245283
3259,O1,20,0.70375,0.4075,1.0,0.70375
3259,O2,20,0.505,0.01,23.0,0.021956521739130434
3259,O3,20,0.70125,0.4025,2.92,0.24015410958904113
3259,O4,20,0.675,0.35,2.92,0.23116438356164384
3259,O5R,20,0.63375,0.2675,2.92,0.21703767123287673
3259,O1,35,0.705,0.41,1.0,0.705
3259,O2,35,0.5075,0.015,38.0,0.013355263157894736
3259,O3,35,0.70375,0.4075,4.12,0.1708131067961165
3259,O4,35,0.67375,0.3475,4.12,0.16353155339805825
3259,O5R,35,0.63375,0.2675,4.12,0.15382281553398058
3296,O1,0,0.71125,0.4225,1.0,0.71125
3296,O2,0,0.50375,0.0075,3.0,0.1679166666666667
3296,O3,0,0.685,0.37,1.3199999999999998,0.518939393939394
3296,O4,0,0.74,0.48,1.3199999999999998,0.5606060606060607
3296,O5R,0,0.62625,0.2525,1.3199999999999998,0.47443181818181823
3296,O1,2,0.71125,0.4225,1.0,0.71125
3296,O2,2,0.50375,0.0075,5.0,0.10075
3296,O3,2,0.685,0.37,1.4799999999999998,0.46283783783783794
3296,O4,2,0.74,0.48,1.4799999999999998,0.5000000000000001
3296,O5R,2,0.62625,0.2525,1.4799999999999998,0.42314189189189194
3296,O1,5,0.71125,0.4225,1.0,0.71125
3296,O2,5,0.50375,0.0075,8.0,0.06296875
3296,O3,5,0.685,0.37,1.7199999999999998,0.39825581395348847
3296,O4,5,0.74,0.48,1.7199999999999998,0.4302325581395349
3296,O5R,5,0.62625,0.2525,1.7199999999999998,0.36409883720930236
3296,O1,10,0.71125,0.4225,1.0,0.71125
3296,O2,10,0.50375,0.0075,13.0,0.03875
3296,O3,10,0.685,0.37,2.12,0.3231132075471698
3296,O4,10,0.74,0.48,2.12,0.3490566037735849
3296,O5R,10,0.62625,0.2525,2.12,0.2954009433962264
3296,O1,20,0.71125,0.4225,1.0,0.71125
3296,O2,20,0.50375,0.0075,23.0,0.021902173913043478
3296,O3,20,0.685,0.37,2.92,0.23458904109589043
3296,O4,20,0.74,0.48,2.92,0.2534246575342466
3296,O5R,20,0.62625,0.2525,2.92,0.21446917808219176
3296,O1,35,0.71375,0.4275,1.0,0.71375
3296,O2,35,0.50375,0.0075,38.0,0.013256578947368421
3296,O3,35,0.685,0.37,4.12,0.1662621359223301
3296,O4,35,0.74,0.48,4.12,0.1796116504854369
3296,O5R,35,0.62625,0.2525,4.12,0.15200242718446602
3333,O1,0,0.6025,0.205,1.0,0.6025
3333,O2,0,0.50625,0.0125,3.0,0.16874999999999998
3333,O3,0,0.6075,0.215,1.3199999999999998,0.4602272727272728
3333,O4,0,0.50625,0.0125,1.3199999999999998,0.3835227272727273
3333,O5R,0,0.65625,0.3125,1.3199999999999998,0.497159090909091
3333,O1,2,0.6025,0.205,1.0,0.6025
3333,O2,2,0.50625,0.0125,5.0,0.10124999999999999
3333,O3,2,0.6075,0.215,1.4799999999999998,0.4104729729729731
3333,O4,2,0.50625,0.0125,1.4799999999999998,0.34206081081081086
3333,O5R,2,0.65625,0.3125,1.4799999999999998,0.4434121621621622
3333,O1,5,0.6025,0.205,1.0,0.6025
3333,O2,5,0.50625,0.0125,8.0,0.06328125
3333,O3,5,0.6075,0.215,1.7199999999999998,0.3531976744186047
3333,O4,5,0.50625,0.0125,1.7199999999999998,0.29433139534883723
3333,O5R,5,0.65625,0.3125,1.7199999999999998,0.38154069767441867
3333,O1,10,0.6025,0.205,1.0,0.6025
3333,O2,10,0.50625,0.0125,13.0,0.03894230769230769
3333,O3,10,0.6075,0.215,2.12,0.2865566037735849
3333,O4,10,0.50625,0.0125,2.12,0.23879716981132074
3333,O5R,10,0.65625,0.3125,2.12,0.3095518867924528
3333,O1,20,0.6025,0.205,1.0,0.6025
3333,O2,20,0.5075,0.015,23.0,0.022065217391304345
3333,O3,20,0.6075,0.215,2.92,0.20804794520547948
3333,O4,20,0.50625,0.0125,2.92,0.17337328767123286
3333,O5R,20,0.65625,0.3125,2.92,0.2247431506849315
3333,O1,35,0.6025,0.205,1.0,0.6025
3333,O2,35,0.515,0.03,38.0,0.013552631578947368
3333,O3,35,0.6075,0.215,4.12,0.14745145631067963
3333,O4,35,0.50625,0.0125,4.12,0.122876213592233
3333,O5R,35,0.65625,0.3125,4.12,0.15928398058252427
3370,O1,0,0.70375,0.4075,1.0,0.70375
3370,O2,0,0.51875,0.0375,3.0,0.1729166666666667
3370,O3,0,0.725,0.45,1.3199999999999998,0.5492424242424243
3370,O4,0,0.59375,0.1875,1.3199999999999998,0.44981060606060613
3370,O5R,0,0.625,0.25,1.3199999999999998,0.47348484848484856
3370,O1,2,0.70375,0.4075,1.0,0.70375
3370,O2,2,0.51875,0.0375,5.0,0.10375000000000001
3370,O3,2,0.72625,0.4525,1.4799999999999998,0.4907094594594595
3370,O4,2,0.59375,0.1875,1.4799999999999998,0.4011824324324325
3370,O5R,2,0.625,0.25,1.4799999999999998,0.42229729729729737
3370,O1,5,0.70375,0.4075,1.0,0.70375
3370,O2,5,0.51875,0.0375,8.0,0.06484375
3370,O3,5,0.72625,0.4525,1.7199999999999998,0.4222383720930233
3370,O4,5,0.59375,0.1875,1.7199999999999998,0.3452034883720931
3370,O5R,5,0.625,0.25,1.7199999999999998,0.36337209302325585
3370,O1,10,0.70375,0.4075,1.0,0.70375
3370,O2,10,0.52125,0.0425,13.0,0.040096153846153844
3370,O3,10,0.72625,0.4525,2.12,0.3425707547169811
3370,O4,10,0.59375,0.1875,2.12,0.2800707547169811
3370,O5R,10,0.625,0.25,2.12,0.29481132075471694
3370,O1,20,0.70375,0.4075,1.0,0.70375
3370,O2,20,0.52375,0.0475,23.0,0.022771739130434784
3370,O3,20,0.72625,0.4525,2.92,0.24871575342465752
3370,O4,20,0.59375,0.1875,2.92,0.2033390410958904
3370,O5R,20,0.625,0.25,2.92,0.21404109589041095
3370,O1,35,0.70375,0.4075,1.0,0.70375
3370,O2,35,0.54875,0.0975,38.0,0.014440789473684209
3370,O3,35,0.725,0.45,4.12,0.17597087378640774
3370,O4,35,0.59375,0.1875,4.12,0.14411407766990292
3370,O5R,35,0.625,0.25,4.12,0.15169902912621358
3407,O1,0,0.59,0.18,1.0,0.59
3407,O2,0,0.5,0.0,3.0,0.16666666666666666
3407,O3,0,0.78375,0.5675,1.3199999999999998,0.59375
3407,O4,0,0.77875,0.5575,1.3199999999999998,0.5899621212121213
3407,O5R,0,0.58,0.16,1.3199999999999998,0.4393939393939394
3407,O1,2,0.59,0.18,1.0,0.59
3407,O2,2,0.5,0.0,5.0,0.1
3407,O3,2,0.78375,0.5675,1.4799999999999998,0.5295608108108109
3407,O4,2,0.77875,0.5575,1.4799999999999998,0.5261824324324326
3407,O5R,2,0.58,0.16,1.4799999999999998,0.39189189189189194
3407,O1,5,0.59,0.18,1.0,0.59
3407,O2,5,0.5,0.0,8.0,0.0625
3407,O3,5,0.78375,0.5675,1.7199999999999998,0.4556686046511628
3407,O4,5,0.77875,0.5575,1.7199999999999998,0.4527616279069768
3407,O5R,5,0.58,0.16,1.7199999999999998,0.33720930232558144
3407,O1,10,0.59,0.18,1.0,0.59
3407,O2,10,0.5,0.0,13.0,0.038461538461538464
3407,O3,10,0.78375,0.5675,2.12,0.36969339622641506
3407,O4,10,0.77875,0.5575,2.12,0.36733490566037735
3407,O5R,10,0.58,0.16,2.12,0.27358490566037735
3407,O1,20,0.59,0.18,1.0,0.59
3407,O2,20,0.5,0.0,23.0,0.021739130434782608
3407,O3,20,0.78375,0.5675,2.92,0.2684075342465753
3407,O4,20,0.77875,0.5575,2.92,0.2666952054794521
3407,O5R,20,0.58,0.16,2.92,0.19863013698630136
3407,O1,35,0.59,0.18,1.0,0.59
3407,O2,35,0.50375,0.0075,38.0,0.013256578947368421
3407,O3,35,0.78375,0.5675,4.12,0.19023058252427183
3407,O4,35,0.77875,0.5575,4.12,0.18901699029126215
3407,O5R,35,0.58,0.16,4.12,0.1407766990291262
3444,O1,0,0.52,0.04,1.0,0.52
3444,O2,0,0.52,0.04,3.0,0.17333333333333334
3444,O3,0,0.6,0.2,1.3199999999999998,0.4545454545454546
3444,O4,0,0.67875,0.3575,1.3199999999999998,0.5142045454545455
3444,O5R,0,0.5775,0.155,1.3199999999999998,0.43750000000000006
3444,O1,2,0.52,0.04,1.0,0.52
3444,O2,2,0.52,0.04,5.0,0.10400000000000001
3444,O3,2,0.60125,0.2025,1.4799999999999998,0.40625000000000006
3444,O4,2,0.67875,0.3575,1.4799999999999998,0.4586148648648649
3444,O5R,2,0.5775,0.155,1.4799999999999998,0.3902027027027028
3444,O1,5,0.52,0.04,1.0,0.52
3444,O2,5,0.52,0.04,8.0,0.065
3444,O3,5,0.60375,0.2075,1.7199999999999998,0.3510174418604652
3444,O4,5,0.67875,0.3575,1.7199999999999998,0.39462209302325585
3444,O5R,5,0.5775,0.155,1.7199999999999998,0.3357558139534884
3444,O1,10,0.52,0.04,1.0,0.52
3444,O2,10,0.52,0.04,13.0,0.04
3444,O3,10,0.60375,0.2075,2.12,0.2847877358490566
3444,O4,10,0.67875,0.3575,2.12,0.3201650943396226
3444,O5R,10,0.5775,0.155,2.12,0.27240566037735847
3444,O1,20,0.52,0.04,1.0,0.52
3444,O2,20,0.52,0.04,23.0,0.022608695652173914
3444,O3,20,0.60375,0.2075,2.92,0.206763698630137
3444,O4,20,0.67875,0.3575,2.92,0.2324486301369863
3444,O5R,20,0.5775,0.155,2.92,0.19777397260273974
3444,O1,35,0.52,0.04,1.0,0.52
3444,O2,35,0.52875,0.0575,38.0,0.013914473684210527
3444,O3,35,0.60375,0.2075,4.12,0.14654126213592233
3444,O4,35,0.67875,0.3575,4.12,0.16474514563106796
3444,O5R,35,0.5775,0.155,4.12,0.14016990291262135
