condition,seed,observer,accuracy,reward,no_memory_accuracy,high_distractor_accuracy,base_accuracy,lora_ablated_accuracy,lora_ablated_no_memory_accuracy,lora_norm,total_params,trainable_params,test_n,tp,tn,fp,fn,H_hazard_bits,I_central_hazard_bits,I_peripheral_hazard_bits,I_peripheral_hazard_given_central_bits,I_ticket_hazard_bits,replay_attempted,replay_accepted,replay_accept_rate,replay_gain_mean,C_att,D_cue,N_sup,A_util,R_gain,T_gain,C_res,F_assoc,I_ret,I_adapter_gain,I_durable_no_memory_gain,R_ret,U_adapt,P_chain,Q_proc,OWGE_plus
main,2001,O1,0.715,0.43,0.625,0.715,0.6675,0.6675,0.625,3.322988271713257,12466,392,800,211,361,42,186,0.9999594238215683,0.04559305406086778,0.28331789519373063,0.26085226532988603,0.0004572572885770138,0.0,0.0,0.0,0.0,0.27631409853304445,0.0,1.0,0.12587412587412583,0.0,0.14285714285714282,0.1963,0.0,0.0,0.14285714285714282,0.0,0.59,0.715,0.007499859582562189,0.1990239974654239,0.0014926520345508922
main,2001,O2,0.6975,0.395,0.625,0.73125,0.50375,0.50375,0.50375,2.90529203414917,12466,392,800,179,379,24,218,0.9999594238215683,0.04559305406086778,0.28331789519373063,0.26085226532988603,0.0004572572885770138,0.0,0.0,0.0,0.0,0.5340053781919443,0.125,0.375,0.10394265232974911,0.0,0.3904282115869017,0.6088,0.0,0.24433249370277074,0.3904282115869017,0.24433249370277074,0.5725,0.6975,0.4603640086498151,0.18050712684393377,0.083098984503734
main,2001,O3,0.55375,0.1075,0.57625,0.55375,0.665,0.665,0.625,2.007427215576172,12466,392,800,42,401,2,355,0.9999594238215683,0.04559305406086778,0.28331789519373063,0.26085226532988603,0.0004572572885770138,0.0,0.0,0.0,0.0,0.607816150075976,0.11627906976744189,0.7674418604651162,0.0,0.0,0.0,0.2513,0.0,0.0,0.0,0.0,0.4774999999999999,0.55375,0.0064184417326412675,0.19502180859063875,0.001251736115033333
main,2001,O4,0.525,0.05,0.57625,0.525,0.665,0.665,0.625,1.7548378705978394,12466,392,800,17,403,0,380,0.9999594238215683,0.04559305406086778,0.28331789519373063,0.26085226532988603,0.0004572572885770138,15.0,11.0,0.7333333333333333,0.005909090909090914,0.607816150075976,0.11627906976744189,0.7674418604651162,0.0,0.002954545454545457,0.0,1.1513,0.0,0.0,0.0,0.0,0.44875,0.525,0.006176207143249527,0.12722552453108613,0.0007857711934125621
main,2001,O5R,0.625,0.25,0.625,0.625,0.625,0.625,0.625,2.1226844787597656,12466,392,800,250,250,153,147,0.9999594238215683,0.04559305406086778,0.28331789519373063,0.26085226532988603,0.0004572572885770138,15.0,15.0,1.0,0.0,0.607816150075976,0.11627906976744189,0.7674418604651162,0.0,0.0,0.0,1.1513,0.0,0.0,0.0,0.0,0.5,0.625,0.0067860521847375845,0.12698755471746545,0.00086174417312494
main,2038,O1,0.6875,0.375,0.645,0.6875,0.6875,0.6875,0.645,3.5482068061828613,12466,392,800,155,395,23,227,0.9985387778753936,0.061122984175351086,0.29852624404481876,0.29034180627519685,0.0013697375761108424,0.0,0.0,0.0,0.0,0.31965271801290085,0.0,1.0,0.06181818181818179,0.0,0.0,0.1963,0.0,0.0,0.0,0.0,0.5425,0.6875,0.007198211875920415,0.17287615960520875,0.0012443992251337267
main,2038,O2,0.615,0.23,0.645,0.6975,0.5225,0.5225,0.52375,2.2966580390930176,12466,392,800,76,416,2,306,0.9985387778753936,0.061122984175351086,0.29852624404481876,0.29034180627519685,0.0013697375761108424,0.0,0.0,0.0,0.0,0.5526685832551685,0.125,0.375,0.0,0.0,0.19371727748691103,0.6088,0.0,0.2545931758530183,0.19371727748691103,0.2545931758530183,0.47,0.615,0.41905821244557206,0.14455675771965912,0.060577696486928
main,2038,O3,0.645,0.29,0.645,0.6625,0.6875,0.6875,0.645,2.5390350818634033,12466,392,800,113,403,15,269,0.9985387778753936,0.061122984175351086,0.29852624404481876,0.29034180627519685,0.0013697375761108424,0.0,0.0,0.0,0.0,0.6378450276140193,0.11627906976744189,0.7674418604651162,0.0,0.0,0.0,0.2513,0.0,0.0,0.0,0.0,0.5,0.645,0.006857677966163686,0.19966484752729877,0.0013692372255053886
main,2038,O4,0.6175,0.235,0.645,0.61875,0.6875,0.6875,0.645,1.4733107089996338,12466,392,800,82,412,6,300,0.9985387778753936,0.061122984175351086,0.29852624404481876,0.29034180627519685,0.0013697375761108424,15.0,14.0,0.9333333333333333,0.012499999999999999,0.6378450276140193,0.11627906976744189,0.7674418604651162,0.0,0.0062499999999999995,0.0,1.1513,0.0,0.0,0.0,0.0,0.47250000000000003,0.6175,0.006632543887831657,0.13051424587322558,0.0008656414637414203
main,2038,O5R,0.645,0.29,0.645,0.645,0.645,0.645,0.645,2.6135711669921875,12466,392,800,243,273,145,139,0.9985387778753936,0.061122984175351086,0.29852624404481876,0.29034180627519685,0.0013697375761108424,15.0,15.0,1.0,0.0,0.6378450276140193,0.11627906976744189,0.7674418604651162,0.0,0.0,0.0,1.1513,0.0,0.0,0.0,0.0,0.5,0.645,0.006857677966163686,0.13001084819056646,0.0008915725289986995
main,2075,O1,0.67125,0.3425,0.645,0.675,0.64375,0.64375,0.645,2.7959258556365967,12466,392,800,157,380,25,238,0.9998872865145765,0.06154210591782379,0.317083405485121,0.2892654432782302,0.0010182065129633946,0.0,0.0,0.0,0.0,0.3216259397772421,0.0,1.0,0.03910614525139664,0.0,0.07719298245614027,0.1963,0.0,0.0,0.07719298245614027,0.0,0.52625,0.67125,0.007069021349033385,0.1819005168016936,0.0012858586366713781
main,2075,O2,0.50625,0.0125,0.515,0.52,0.50625,0.50625,0.50625,2.2687134742736816,12466,392,800,0,405,0,395,0.9998872865145765,0.06154210591782379,0.317083405485121,0.2892654432782302,0.0010182065129633946,0.0,0.0,0.0,0.0,0.5529538230214606,0.125,0.375,0.0,0.0,0.0,0.6088,0.0,0.017721518987341842,0.0,0.017721518987341842,0.49124999999999996,0.50625,0.16395761689913876,0.1198965082359063,0.01965794576488716
main,2075,O3,0.6375,0.275,0.56625,0.64125,0.64125,0.64125,0.645,4.265600204467773,12466,392,800,119,391,14,276,0.9998872865145765,0.06154210591782379,0.317083405485121,0.2892654432782302,0.0010182065129633946,0.0,0.0,0.0,0.0,0.6389613302375987,0.11627906976744189,0.7674418604651162,0.11176470588235284,0.0,0.0,0.2513,0.0,0.0,0.0,0.0,0.5712499999999999,0.6375,0.007141168509902047,0.21711841091935366,0.001550479158977261
main,2075,O4,0.59875,0.1975,0.645,0.59875,0.64125,0.64125,0.645,3.7775511741638184,12466,392,800,78,401,4,317,0.9998872865145765,0.06154210591782379,0.317083405485121,0.2892654432782302,0.0010182065129633946,15.0,11.0,0.7333333333333333,0.0027272727272727297,0.6389613302375987,0.11627906976744189,0.7674418604651162,0.0,0.0013636363636363648,0.0,1.1513,0.0,0.0,0.0,0.0,0.45375,0.59875,0.006476712446407151,0.1302330692430088,0.0008434821404999993
main,2075,O5R,0.645,0.29,0.645,0.645,0.645,0.645,0.645,3.399722099304199,12466,392,800,255,261,144,140,0.9998872865145765,0.06154210591782379,0.317083405485121,0.2892654432782302,0.0010182065129633946,15.0,15.0,1.0,0.0,0.6389613302375987,0.11627906976744189,0.7674418604651162,0.0,0.0,0.0,1.1513,0.0,0.0,0.0,0.0,0.5,0.645,0.006857677966163686,0.1301232370213377,0.0008923432554071224
main,2112,O1,0.71125,0.4225,0.65375,0.71375,0.68625,0.68625,0.65375,2.277401924133301,12466,392,800,180,389,22,209,0.9994544121587243,0.0691975039795581,0.2847801128017393,0.2649921787370985,4.520689949663592e-05,0.0,0.0,0.0,0.0,0.3713098694454372,0.0,1.0,0.08084358523725833,0.0,0.07968127490039849,0.1963,0.0,0.0,0.07968127490039849,0.0,0.5575,0.71125,0.007346652763450215,0.19691223994275578,0.0014466458517326186
main,2112,O2,0.51375,0.0275,0.51875,0.5275,0.51375,0.51375,0.5175,2.0868866443634033,12466,392,800,0,411,0,389,0.9994544121587243,0.0691975039795581,0.2847801128017393,0.2649921787370985,4.520689949663592e-05,0.0,0.0,0.0,0.0,0.5705273120154607,0.125,0.375,0.0,0.0,0.0,0.6088,0.0,0.0025906735751297085,0.0,0.0025906735751297085,0.495,0.51375,0.08702546497568,0.12213691591603401,0.010629021898288392
main,2112,O3,0.7725,0.545,0.65375,0.7725,0.6825,0.6825,0.65375,3.170064687728882,12466,392,800,286,332,79,103,0.9994544121587243,0.0691975039795581,0.2847801128017393,0.2649921787370985,4.520689949663592e-05,0.0,0.0,0.0,0.0,0.6715982246548333,0.11627906976744189,0.7674418604651162,0.15372168284789633,0.0,0.28346456692913374,0.2513,0.0,0.0,0.28346456692913374,0.0,0.6187499999999999,0.7725,0.00781876790139073,0.2724810953412307,0.002130466441989802
main,2112,O4,0.6825,0.365,0.65375,0.6825,0.6825,0.6825,0.65375,1.3164032697677612,12466,392,800,150,396,15,239,0.9994544121587243,0.0691975039795581,0.2847801128017393,0.2649921787370985,4.520689949663592e-05,15.0,12.0,0.8,0.001666666666666668,0.6715982246548333,0.11627906976744189,0.7674418604651162,0.04212454212454204,0.000833333333333334,0.0,1.1513,0.0,0.0,0.0,0.0,0.5287499999999999,0.6825,0.007119532845111298,0.13771730349383818,0.0009804828655645419
main,2112,O5R,0.65375,0.3075,0.65375,0.65375,0.65375,0.65375,0.65375,2.953652858734131,12466,392,800,253,270,141,136,0.9994544121587243,0.0691975039795581,0.2847801128017393,0.2649921787370985,4.520689949663592e-05,15.0,15.0,1.0,0.0,0.6715982246548333,0.11627906976744189,0.7674418604651162,0.0,0.0,0.0,1.1513,0.0,0.0,0.0,0.0,0.5,0.65375,0.00688854891069393,0.13340910442510287,0.0009189951409641952
main,2149,O1,0.6625,0.325,0.635,0.6625,0.66625,0.66625,0.635,2.2688210010528564,12466,392,800,155,375,14,256,0.9994544121587243,0.05337746133714849,0.29313999671427066,0.2810388168182728,0.0003837379531144349,0.0,0.0,0.0,0.0,0.2944056771798357,0.0,1.0,0.04150943396226411,0.0,0.0,0.1963,0.0,0.0,0.0,0.0,0.5275,0.6625,0.007043739323975216,0.16559393888381171,0.0011664005391278532
main,2149,O2,0.48625,-0.0275,0.4875,0.50125,0.48625,0.48625,0.485,2.2829091548919678,12466,392,800,0,389,0,411,0.9994544121587243,0.05337746133714849,0.29313999671427066,0.2810388168182728,0.0003837379531144349,0.0,0.0,0.0,0.0,0.5412247967468893,0.125,0.375,0.0,0.0,0.0,0.6088,0.0,0.004854368932038839,0.0,0.004854368932038839,0.49875,0.48625,0.10559795489492457,0.11840119899168387,0.012502924470628823
main,2149,O3,0.68375,0.3675,0.635,0.68375,0.6625,0.6625,0.635,2.434201955795288,12466,392,800,180,367,22,231,0.9994544121587243,0.05337746133714849,0.29313999671427066,0.2810388168182728,0.0003837379531144349,0.0,0.0,0.0,0.0,0.6201083751655853,0.11627906976744189,0.7674418604651162,0.07129798903107855,0.0,0.06296296296296293,0.2513,0.0,0.0,0.06296296296296293,0.0,0.54875,0.68375,0.007212587580679568,0.21768173341228955,0.0015700485669502802
main,2149,O4,0.665,0.33,0.635,0.665,0.6625,0.6625,0.635,2.437481641769409,12466,392,800,158,374,15,253,0.9994544121587243,0.05337746133714849,0.29313999671427066,0.2810388168182728,0.0003837379531144349,15.0,9.0,0.6,0.005555555555555554,0.6201083751655853,0.11627906976744189,0.7674418604651162,0.04511278195488726,0.002777777777777777,0.007407407407407578,1.1513,0.0,0.0,0.007407407407407578,0.0,0.53,0.665,0.007063712192281295,0.13373657086939553,0.0009446766462040407
main,2149,O5R,0.48625,-0.0275,0.48625,0.48625,0.635,0.635,0.635,3.026831865310669,12466,392,800,0,389,0,411,0.9994544121587243,0.05337746133714849,0.29313999671427066,0.2810388168182728,0.0003837379531144349,15.0,15.0,1.0,0.0,0.6201083751655853,0.11627906976744189,0.7674418604651162,0.0,0.0,0.0,1.1513,0.0,0.0,0.0,0.0,0.5,0.48625,0.006241329727122606,0.12822513024243212,0.0008002953171462596
main,2186,O1,0.635,0.27,0.65,0.6425,0.67125,0.67125,0.65,2.6511635780334473,12466,392,800,111,397,15,277,0.9993506898146103,0.0663110387553115,0.33035486772303213,0.3057874308080655,0.00020077804998434434,0.0,0.0,0.0,0.0,0.32494339409776574,0.0,1.0,0.0,0.0,0.0,0.1963,0.0,0.0,0.0,0.0,0.485,0.635,0.006753138878505856,0.1638400791107973,0.0011064348081006004
main,2186,O2,0.51625,0.0325,0.52375,0.53625,0.515,0.515,0.51625,2.295196056365967,12466,392,800,1,412,0,387,0.9993506898146103,0.0663110387553115,0.33035486772303213,0.3057874308080655,0.00020077804998434434,0.0,0.0,0.0,0.0,0.5530811922053338,0.125,0.375,0.0,0.0,0.0025773195876288113,0.6088,0.0,0.015503875968992376,0.0025773195876288113,0.015503875968992376,0.49249999999999994,0.51625,0.1579715112927218,0.12024132340027674,0.018994703577378633
main,2186,O3,0.67125,0.3425,0.65,0.67125,0.66625,0.66625,0.65,2.45465087890625,12466,392,800,143,394,18,245,0.9993506898146103,0.0663110387553115,0.33035486772303213,0.3057874308080655,0.00020077804998434434,0.0,0.0,0.0,0.0,0.6406819842579541,0.11627906976744189,0.7674418604651162,0.031657355679702036,0.0,0.014981273408239714,0.2513,0.0,0.0,0.014981273408239714,0.0,0.52125,0.67125,0.0070465620781201095,0.207314719577166,0.0014608560412085626
main,2186,O4,0.65875,0.3175,0.65,0.65875,0.66625,0.66625,0.65,2.6345419883728027,12466,392,800,133,394,18,255,0.9993506898146103,0.0663110387553115,0.33035486772303213,0.3057874308080655,0.00020077804998434434,15.0,13.0,0.8666666666666667,0.0038461538461538494,0.6406819842579541,0.11627906976744189,0.7674418604651162,0.013282732447817724,0.0019230769230769247,0.0,1.1513,0.0,0.0,0.0,0.0,0.5087499999999999,0.65875,0.0069461184958116064,0.13178866261202551,0.0009154196669076659
main,2186,O5R,0.65,0.3,0.65,0.65,0.65,0.65,0.65,2.329094886779785,12466,392,800,258,262,150,130,0.9993506898146103,0.0663110387553115,0.33035486772303213,0.3057874308080655,0.00020077804998434434,15.0,15.0,1.0,0.0,0.6406819842579541,0.11627906976744189,0.7674418604651162,0.0,0.0,0.0,1.1513,0.0,0.0,0.0,0.0,0.5,0.65,0.006875352444748692,0.1302964716706387,0.0008958341650428546
main,2223,O1,0.725,0.45,0.66375,0.7275,0.725,0.725,0.66375,2.9804773330688477,12466,392,800,184,396,15,205,0.9994544121587243,0.07843726568323915,0.3142633998113704,0.28265330502045916,0.0007562086415897097,0.0,0.0,0.0,0.0,0.38818211264671776,0.0,1.0,0.0844827586206897,0.0,0.0,0.1963,0.0,0.0,0.0,0.0,0.56125,0.725,0.0074102338090721726,0.18745377196955562,0.0013890762786869066
main,2223,O2,0.51375,0.0275,0.66375,0.5325,0.51375,0.51375,0.515,4.349284648895264,12466,392,800,0,411,0,389,0.9994544121587243,0.07843726568323915,0.3142633998113704,0.28265330502045916,0.0007562086415897097,0.0,0.0,0.0,0.0,0.577662833049534,0.125,0.375,0.0,0.0,0.0,0.6088,0.0,0.3067010309278349,0.0,0.3067010309278349,0.3500000000000001,0.51375,0.3806386394946003,0.12304660869997172,0.04683629372998169
main,2223,O3,0.70625,0.4125,0.66375,0.70625,0.72,0.72,0.66375,4.372727394104004,12466,392,800,174,391,20,215,0.9994544121587243,0.07843726568323915,0.3142633998113704,0.28265330502045916,0.0007562086415897097,0.0,0.0,0.0,0.0,0.683171541867799,0.11627906976744189,0.7674418604651162,0.06017699115044261,0.0,0.0,0.2513,0.0,0.0,0.0,0.0,0.5425000000000001,0.70625,0.0072630640315330544,0.215977707804055,0.0015686599211645878
main,2223,O4,0.64875,0.2975,0.51375,0.6525,0.72,0.72,0.66375,3.7983906269073486,12466,392,800,115,404,7,274,0.9994544121587243,0.07843726568323915,0.3142633998113704,0.28265330502045916,0.0007562086415897097,15.0,11.0,0.7333333333333333,0.0036363636363636394,0.683171541867799,0.11627906976744189,0.7674418604651162,0.20809248554913296,0.0018181818181818197,0.0,1.1513,0.0,0.0,0.0,0.0,0.635,0.64875,0.007440763194865409,0.1556713986013096,0.001158314013205847
main,2223,O5R,0.66375,0.3275,0.66375,0.66375,0.66375,0.66375,0.66375,2.8024778366088867,12466,392,800,252,279,132,137,0.9994544121587243,0.07843726568323915,0.3142633998113704,0.28265330502045916,0.0007562086415897097,15.0,15.0,1.0,0.0,0.683171541867799,0.11627906976744189,0.7674418604651162,0.0,0.0,0.0,1.1513,0.0,0.0,0.0,0.0,0.5,0.66375,0.006923494535621731,0.13457430063824002,0.0009317244351039707
main,2260,O1,0.69375,0.3875,0.645,0.69375,0.6625,0.6625,0.645,3.0644712448120117,12466,392,800,172,383,31,214,0.9991161687869752,0.061268592458955995,0.28924628824365983,0.2775309664349206,0.0010796643890185129,0.0,0.0,0.0,0.0,0.3306296911797678,0.0,1.0,0.07027027027027022,0.0,0.09259259259259259,0.1963,0.0,0.0,0.09259259259259259,0.0,0.54875,0.69375,0.0072475794059512644,0.1907831355356197,0.0013827159241107663
main,2260,O2,0.52,0.04,0.525,0.5425,0.5175,0.5175,0.5175,1.6047600507736206,12466,392,800,2,414,0,384,0.9991161687869752,0.061268592458955995,0.28924628824365983,0.2775309664349206,0.0010796643890185129,0.0,0.0,0.0,0.0,0.556613913627488,0.125,0.375,0.0,0.0,0.005181347150259186,0.6088,0.0,0.01554404145077733,0.005181347150259186,0.01554404145077733,0.495,0.52,0.15875742512863933,0.12102368480621163,0.019213408579414188
main,2260,O3,0.6375,0.275,0.645,0.63875,0.65125,0.65125,0.645,3.382168769836426,12466,392,800,109,401,13,277,0.9991161687869752,0.061268592458955995,0.28924628824365983,0.2775309664349206,0.0010796643890185129,0.0,0.0,0.0,0.0,0.6450937027408494,0.11627906976744189,0.7674418604651162,0.0,0.0,0.0,0.2513,0.0,0.0,0.0,0.0,0.49249999999999994,0.6375,0.006796667051785834,0.2007856313731296,0.001364673085225766
main,2260,O4,0.5175,0.035,0.5175,0.5175,0.65125,0.65125,0.645,3.099360466003418,12466,392,800,0,414,0,386,0.9991161687869752,0.061268592458955995,0.28924628824365983,0.2775309664349206,0.0010796643890185129,15.0,10.0,0.6666666666666666,0.006999999999999973,0.6450937027408494,0.11627906976744189,0.7674418604651162,0.0,0.0034999999999999866,0.0,1.1513,0.0,0.0,0.0,0.0,0.5,0.5175,0.0063722678437272235,0.13102254414509457,0.0008349107448591167
main,2260,O5R,0.645,0.29,0.645,0.645,0.645,0.645,0.645,2.957749605178833,12466,392,800,246,270,144,140,0.9991161687869752,0.061268592458955995,0.28924628824365983,0.2775309664349206,0.0010796643890185129,15.0,15.0,1.0,0.0,0.6450937027408494,0.11627906976744189,0.7674418604651162,0.0,0.0,0.0,1.1513,0.0,0.0,0.0,0.0,0.5,0.645,0.006857677966163686,0.13074064144280548,0.000896577216104434
main,2297,O1,0.65625,0.3125,0.65875,0.65625,0.6725,0.6725,0.65875,2.758268356323242,12466,392,800,130,395,12,263,0.999779076044731,0.0740149255724171,0.2659860692144086,0.24209251976365856,1.1192799337025753e-07,0.0,0.0,0.0,0.0,0.41346601014816653,0.0,1.0,0.0,0.0,0.0,0.1963,0.0,0.0,0.0,0.0,0.49750000000000005,0.65625,0.006885803822100476,0.17799066781678097,0.0012256088207510064
main,2297,O2,0.51125,0.0225,0.5075,0.53875,0.50875,0.50875,0.50875,2.637617349624634,12466,392,800,2,407,0,391,0.999779076044731,0.0740149255724171,0.2659860692144086,0.24209251976365856,1.1192799337025753e-07,0.0,0.0,0.0,0.0,0.585571258238339,0.125,0.375,0.007334963325183435,0.0,0.00508905852417292,0.6088,0.0,0.0,0.00508905852417292,0.0,0.50375,0.51125,0.006362337412851812,0.1256387502215352,0.0007993561210384172
main,2297,O3,0.55625,0.1125,0.5875,0.55625,0.66875,0.66875,0.65875,5.243592739105225,12466,392,800,38,407,0,355,0.999779076044731,0.0740149255724171,0.2659860692144086,0.24209251976365856,1.1192799337025753e-07,0.0,0.0,0.0,0.0,0.699258768347263,0.11627906976744189,0.7674418604651162,0.0,0.0,0.0,0.2513,0.0,0.0,0.0,0.0,0.46875,0.55625,0.006388579996696191,0.2091605867239818,0.001336239140442069
main,2297,O4,0.635,0.27,0.65875,0.635,0.66875,0.66875,0.65875,1.3108139038085938,12466,392,800,106,402,5,287,0.999779076044731,0.0740149255724171,0.2659860692144086,0.24209251976365856,1.1192799337025753e-07,15.0,10.0,0.6666666666666666,0.009000000000000008,0.699258768347263,0.11627906976744189,0.7674418604651162,0.0,0.004500000000000004,0.0,1.1513,0.0,0.0,0.0,0.0,0.47625000000000006,0.635,0.00671228059743189,0.13655640147578946,0.0009166048840810611
main,2297,O5R,0.50875,0.0175,0.50875,0.50875,0.65875,0.65875,0.65875,3.037220001220703,12466,392,800,0,407,0,393,0.999779076044731,0.0740149255724171,0.2659860692144086,0.24209251976365856,1.1192799337025753e-07,15.0,15.0,1.0,0.0,0.699258768347263,0.11627906976744189,0.7674418604651162,0.0,0.0,0.0,1.1513,0.0,0.0,0.0,0.0,0.5,0.50875,0.006336149020794429,0.13619395514427488,0.0008629451955255176
main,2334,O1,0.69875,0.3975,0.645,0.7025,0.6475,0.6475,0.645,4.063009262084961,12466,392,800,180,379,25,216,0.9999278640456615,0.061513186794438277,0.37263558358934223,0.33937944545738497,0.0008099706394626323,0.0,0.0,0.0,0.0,0.2845166863280817,0.0,1.0,0.07692307692307687,0.0,0.14539007092198586,0.1963,0.0,0.0,0.14539007092198586,0.0,0.55375,0.69875,0.007286947746994073,0.19291513720936068,0.0014057625244488032
main,2334,O2,0.50625,0.0125,0.645,0.53375,0.505,0.505,0.505,2.8152482509613037,12466,392,800,1,404,0,395,0.9999278640456615,0.061513186794438277,0.37263558358934223,0.33937944545738497,0.0008099706394626323,0.0,0.0,0.0,0.0,0.537635523244516,0.125,0.375,0.0,0.0,0.0025252525252524713,0.6088,0.0,0.2828282828282829,0.0025252525252524713,0.2828282828282829,0.36124999999999996,0.50625,0.3725916416255984,0.11826554916313975,0.04406475511044715
main,2334,O3,0.595,0.19,0.645,0.60375,0.65,0.65,0.645,3.0665383338928223,12466,392,800,82,394,10,314,0.9999278640456615,0.061513186794438277,0.37263558358934223,0.33937944545738497,0.0008099706394626323,0.0,0.0,0.0,0.0,0.6135485273908164,0.11627906976744189,0.7674418604651162,0.0,0.0,0.0,0.2513,0.0,0.0,0.0,0.0,0.44999999999999996,0.595,0.0064453087294358774,0.19590814378710794,0.001262688469318626
main,2334,O4,0.555,0.11,0.645,0.55875,0.65,0.65,0.645,2.786996603012085,12466,392,800,42,402,2,354,0.9999278640456615,0.061513186794438277,0.37263558358934223,0.33937944545738497,0.0008099706394626323,15.0,13.0,0.8666666666666667,0.0038461538461538494,0.6135485273908164,0.11627906976744189,0.7674418604651162,0.0,0.0019230769230769247,0.0,1.1513,0.0,0.0,0.0,0.0,0.41000000000000003,0.555,0.006105101572978312,0.12771957940341344,0.0007797410051159078
main,2334,O5R,0.645,0.29,0.645,0.645,0.645,0.645,0.645,3.114591360092163,12466,392,800,254,262,142,142,0.9999278640456615,0.061513186794438277,0.37263558358934223,0.33937944545738497,0.0008099706394626323,15.0,15.0,1.0,0.0,0.6135485273908164,0.11627906976744189,0.7674418604651162,0.0,0.0,0.0,1.1513,0.0,0.0,0.0,0.0,0.5,0.645,0.006857677966163686,0.1275646878087491,0.0008747975488466081
main,2371,O1,0.71625,0.4325,0.63625,0.71625,0.6825,0.6825,0.63625,3.776750326156616,12466,392,800,201,372,22,205,0.9998376907209825,0.05427730549872441,0.3201151756666633,0.28911102407010175,0.00714372805504699,0.0,0.0,0.0,0.0,0.302517717225942,0.0,1.0,0.11169284467713796,0.0,0.10629921259842538,0.1963,0.0,0.0,0.10629921259842538,0.0,0.5800000000000001,0.71625,0.007461589075210215,0.19510191407775804,0.0014557703106352015
main,2371,O2,0.4925,-0.015,0.635,0.50625,0.4925,0.4925,0.4925,2.45759654045105,12466,392,800,0,394,0,406,0.9998376907209825,0.05427730549872441,0.3201151756666633,0.28911102407010175,0.00714372805504699,0.0,0.0,0.0,0.0,0.5539250878052547,0.125,0.375,0.0,0.0,0.0,0.6088,0.0,0.28078817733990147,0.0,0.28078817733990147,0.3575,0.4925,0.36701874627703596,0.1200203327696567,0.04404971206087206
main,2371,O3,0.5875,0.175,0.63625,0.58875,0.67625,0.67625,0.63625,4.805095195770264,12466,392,800,81,389,5,325,0.9998376907209825,0.05427730549872441,0.3201151756666633,0.28911102407010175,0.00714372805504699,0.0,0.0,0.0,0.0,0.6297800145681396,0.11627906976744189,0.7674418604651162,0.0,0.0,0.0,0.2513,0.0,0.0,0.0,0.0,0.45125000000000004,0.5875,0.006424050246454958,0.1984178422221804,0.0012746461882284588
main,2371,O4,0.7675,0.535,0.63625,0.7675,0.67625,0.67625,0.63625,3.4567973613739014,12466,392,800,319,295,99,87,0.9998376907209825,0.05427730549872441,0.3201151756666633,0.28911102407010175,0.00714372805504699,15.0,12.0,0.8,0.0029166666666666694,0.6297800145681396,0.11627906976744189,0.7674418604651162,0.17100977198697068,0.0014583333333333347,0.2818532818532817,1.1513,0.0,0.0,0.2818532818532817,0.0,0.63125,0.7675,0.007854050264947275,0.1749103682472933,0.0013737548240746796
main,2371,O5R,0.4925,-0.015,0.4925,0.4925,0.63625,0.63625,0.63625,2.2991068363189697,12466,392,800,0,394,0,406,0.9998376907209825,0.05427730549872441,0.3201151756666633,0.28911102407010175,0.00714372805504699,15.0,15.0,1.0,0.0,0.6297800145681396,0.11627906976744189,0.7674418604651162,0.0,0.0,0.0,1.1513,0.0,0.0,0.0,0.0,0.5,0.4925,0.006267956828303459,0.1291988664149842,0.0008098129169548667
main,2408,O1,0.69875,0.3975,0.63125,0.7,0.67125,0.67125,0.63125,3.543147563934326,12466,392,800,168,391,21,220,0.9993506898146103,0.05014343409157211,0.2953867153088391,0.2835438594169066,0.003256009950961907,0.0,0.0,0.0,0.0,0.2836221467015626,0.0,1.0,0.0966010733452594,0.0,0.08365019011406835,0.1963,0.0,0.0,0.08365019011406835,0.0,0.5675,0.69875,0.00734676854416758,0.18604843222934567,0.0013668547695942506
main,2408,O2,0.515,0.03,0.515,0.5175,0.515,0.515,0.515,1.9001824855804443,12466,392,800,0,412,0,388,0.9993506898146103,0.05014343409157211,0.2953867153088391,0.2835438594169066,0.003256009950961907,0.0,0.0,0.0,0.0,0.5410535366364775,0.125,0.375,0.0,0.0,0.0,0.6088,0.0,0.0,0.0,0.0,0.5,0.515,0.006361989994419685,0.11837936539524795,0.0007531283381903193
main,2408,O3,0.59875,0.1975,0.5825,0.6,0.66625,0.66625,0.63125,1.318304181098938,12466,392,800,73,406,6,315,0.9993506898146103,0.05014343409157211,0.2953867153088391,0.2835438594169066,0.003256009950961907,0.0,0.0,0.0,0.0,0.6146050262468683,0.11627906976744189,0.7674418604651162,0.027139874739039643,0.0,0.0,0.2513,0.0,0.0,0.0,0.0,0.51625,0.59875,0.00676138583171399,0.20026784255735883,0.001354088153215254
main,2408,O4,0.515,0.03,0.515,0.515,0.66625,0.66625,0.63125,1.8840299844741821,12466,392,800,0,412,0,388,0.9993506898146103,0.05014343409157211,0.2953867153088391,0.2835438594169066,0.003256009950961907,15.0,7.0,0.4666666666666667,0.004285714285714289,0.6146050262468683,0.11627906976744189,0.7674418604651162,0.0,0.0021428571428571447,0.0,1.1513,0.0,0.0,0.0,0.0,0.5,0.515,0.006361989994419685,0.12784364911512022,0.0008133400165204959
main,2408,O5R,0.515,0.03,0.515,0.515,0.63125,0.63125,0.63125,2.3104562759399414,12466,392,800,0,412,0,388,0.9993506898146103,0.05014343409157211,0.2953867153088391,0.2835438594169066,0.003256009950961907,15.0,15.0,1.0,0.0,0.6146050262468683,0.11627906976744189,0.7674418604651162,0.0,0.0,0.0,1.1513,0.0,0.0,0.0,0.0,0.5,0.515,0.006361989994419685,0.1276710556239228,0.0008122419784563959
main,2445,O1,0.6375,0.275,0.52875,0.6375,0.68375,0.68375,0.6925,3.9914355278015137,12466,392,800,97,413,10,280,0.9976137288096931,0.1096997059748982,0.32705074552941454,0.2721378483712012,1.5519839554116845e-05,0.0,0.0,0.0,0.0,0.4920627315744477,0.0,1.0,0.1705882352941175,0.0,0.0,0.1963,0.0,0.0,0.0,0.0,0.6087499999999999,0.6375,0.007294130336734168,0.21782358274397975,0.0015888336029489878
main,2445,O2,0.52875,0.0575,0.52875,0.53625,0.52875,0.52875,0.52875,2.8867194652557373,12466,392,800,0,423,0,377,0.9976137288096931,0.1096997059748982,0.32705074552941454,0.2721378483712012,1.5519839554116845e-05,0.0,0.0,0.0,0.0,0.6110302310764599,0.125,0.375,0.0,0.0,0.0,0.6088,0.0,0.0,0.0,0.0,0.5,0.52875,0.006418112985577426,0.12730054910024885,0.0008170293072514438
main,2445,O3,0.68375,0.3675,0.6925,0.69125,0.68,0.68,0.6925,1.84391450881958,12466,392,800,140,407,16,237,0.9976137288096931,0.1096997059748982,0.32705074552941454,0.2721378483712012,1.5519839554116845e-05,0.0,0.0,0.0,0.0,0.7494310991611493,0.11627906976744189,0.7674418604651162,0.0,0.0,0.011718749999999752,0.2513,0.0,0.0,0.011718749999999752,0.0,0.49124999999999996,0.68375,0.006951317746104442,0.21873013182891582,0.0015204626469901067
main,2445,O4,0.55875,0.1175,0.6925,0.55875,0.68,0.68,0.6925,2.5782203674316406,12466,392,800,25,422,1,352,0.9976137288096931,0.1096997059748982,0.32705074552941454,0.2721378483712012,1.5519839554116845e-05,15.0,13.0,0.8666666666666667,0.0007692307692307699,0.7494310991611493,0.11627906976744189,0.7674418604651162,0.0,0.00038461538461538494,0.0,1.1513,0.0,0.0,0.0,0.0,0.36624999999999996,0.55875,0.005892944861006545,0.14127626047627106,0.0008325332131558637
main,2445,O5R,0.6925,0.385,0.6925,0.6925,0.6925,0.6925,0.6925,3.8829281330108643,12466,392,800,263,291,132,114,0.9976137288096931,0.1096997059748982,0.32705074552941454,0.2721378483712012,1.5519839554116845e-05,15.0,15.0,1.0,0.0,0.7494310991611493,0.11627906976744189,0.7674418604651162,0.0,0.0,0.0,1.1513,0.0,0.0,0.0,0.0,0.5,0.6925,0.00702204744150173,0.1412452821573382,0.0009918310721971266
main,2482,O1,0.71625,0.4325,0.665,0.71625,0.67875,0.67875,0.665,4.590293884277344,12466,392,800,176,397,17,210,0.9991161687869752,0.08015465637504054,0.3196414430929322,0.2915374678346663,0.0023532570875755103,0.0,0.0,0.0,0.0,0.38756537862463614,0.0,1.0,0.07155322862129147,0.0,0.11673151750972789,0.1963,0.0,0.0,0.11673151750972789,0.0,0.55125,0.71625,0.007336206440786794,0.20394822443584434,0.001496206277693272
main,2482,O2,0.53875,0.0775,0.53625,0.56375,0.5175,0.5175,0.5175,4.627067565917969,12466,392,800,17,414,0,369,0.9991161687869752,0.08015465637504054,0.3196414430929322,0.2915374678346663,0.0023532570875755103,0.0,0.0,0.0,0.0,0.5795241177700193,0.125,0.375,0.004640371229698278,0.0,0.04404145077720205,0.6088,0.0,0.038860103626943095,0.04404145077720205,0.038860103626943095,0.5025,0.53875,0.2191190063882251,0.1294902445953941,0.02837377373271099
main,2482,O3,0.75875,0.5175,0.665,0.75875,0.675,0.675,0.665,5.078940391540527,12466,392,800,246,361,53,140,0.9991161687869752,0.08015465637504054,0.3196414430929322,0.2915374678346663,0.0023532570875755103,0.0,0.0,0.0,0.0,0.6836848407011091,0.11627906976744189,0.7674418604651162,0.12355848434925865,0.0,0.2576923076923077,0.2513,0.0,0.0,0.2576923076923077,0.0,0.59375,0.75875,0.00766598344153643,0.2657012255631343,0.0020368611955629235
main,2482,O4,0.75,0.5,0.665,0.75,0.675,0.675,0.665,4.591582298278809,12466,392,800,217,383,31,169,0.9991161687869752,0.08015465637504054,0.3196414430929322,0.2915374678346663,0.0023532570875755103,15.0,12.0,0.8,0.0029166666666666694,0.6836848407011091,0.11627906976744189,0.7674418604651162,0.11333333333333329,0.0014583333333333347,0.23076923076923067,1.1513,0.0,0.0,0.23076923076923067,0.0,0.585,0.75,0.007598703235588342,0.1693875254594247,0.0012871255377768331
main,2482,O5R,0.5175,0.035,0.5175,0.5175,0.665,0.665,0.665,3.9969775676727295,12466,392,800,0,414,0,386,0.9991161687869752,0.08015465637504054,0.3196414430929322,0.2915374678346663,0.0023532570875755103,15.0,15.0,1.0,0.0,0.6836848407011091,0.11627906976744189,0.7674418604651162,0.0,0.0,0.0,1.1513,0.0,0.0,0.0,0.0,0.5,0.5175,0.0063722678437272235,0.13462597932688,0.0008578727989949634
main,2519,O1,0.51375,0.0275,0.51375,0.51375,0.6675,0.6675,0.63625,2.653090476989746,12466,392,800,0,411,0,389,0.9994544121587243,0.05462094393863774,0.3121521084895651,0.3014978564079801,7.687991192981353e-07,0.0,0.0,0.0,0.0,0.2832331911361702,0.0,1.0,0.0,0.0,0.0,0.1963,0.0,0.0,0.0,0.0,0.5,0.51375,0.006356838593275586,0.157172586064539,0.00099912076089999
main,2519,O2,0.51375,0.0275,0.51375,0.51625,0.51375,0.51375,0.51375,3.435479164123535,12466,392,800,0,411,0,389,0.9994544121587243,0.05462094393863774,0.3121521084895651,0.3014978564079801,7.687991192981353e-07,0.0,0.0,0.0,0.0,0.5361050881870315,0.125,0.375,0.0,0.0,0.0,0.6088,0.0,0.0,0.0,0.0,0.5,0.51375,0.006356838593275586,0.1177484979610896,0.0007485081961392861
main,2519,O3,0.5475,0.095,0.58875,0.5475,0.6625,0.6625,0.63625,3.9665136337280273,12466,392,800,30,408,3,359,0.9994544121587243,0.05462094393863774,0.3121521084895651,0.3014978564079801,7.687991192981353e-07,0.0,0.0,0.0,0.0,0.612226631116983,0.11627906976744189,0.7674418604651162,0.0,0.0,0.0,0.2513,0.0,0.0,0.0,0.0,0.45875,0.5475,0.006309389134775287,0.19570375333455578,0.0012347711349237891
main,2519,O4,0.5225,0.045,0.51375,0.5225,0.6625,0.6625,0.63625,2.821218490600586,12466,392,800,9,409,2,380,0.9994544121587243,0.05462094393863774,0.3121521084895651,0.3014978564079801,7.687991192981353e-07,15.0,12.0,0.8,0.0029166666666666694,0.612226631116983,0.11627906976744189,0.7674418604651162,0.016746411483253443,0.0014583333333333347,0.0,1.1513,0.0,0.0,0.0,0.0,0.5087499999999999,0.5225,0.006429800043695396,0.1292350803105487,0.000830955725027744
main,2519,O5R,0.51375,0.0275,0.51375,0.51375,0.63625,0.63625,0.63625,2.6592209339141846,12466,392,800,0,411,0,389,0.9994544121587243,0.05462094393863774,0.3121521084895651,0.3014978564079801,7.687991192981353e-07,15.0,15.0,1.0,0.0,0.612226631116983,0.11627906976744189,0.7674418604651162,0.0,0.0,0.0,1.1513,0.0,0.0,0.0,0.0,0.5,0.51375,0.006356838593275586,0.12743159990455644,0.0008100621122761378
main,2556,O1,0.64125,0.2825,0.6775,0.6425,0.64,0.64,0.6775,3.382225275039673,12466,392,800,151,362,13,274,0.9971803988942642,0.09361122016832109,0.33120074314791625,0.297392077691529,2.1451880096547745e-06,0.0,0.0,0.0,0.0,0.42150938639250546,0.0,1.0,0.0,0.0,0.0034722222222221483,0.1963,0.0,0.0,0.0034722222222221483,0.0,0.46375,0.64125,0.006674790484717915,0.1798314685621044,0.0012003373752111834
main,2556,O2,0.46875,-0.0625,0.47125,0.46875,0.46875,0.46875,0.46875,2.1439332962036133,12466,392,800,0,375,0,425,0.9971803988942642,0.09361122016832109,0.33120074314791625,0.297392077691529,2.1451880096547745e-06,0.0,0.0,0.0,0.0,0.5883478338610925,0.125,0.375,0.0,0.0,0.0,0.6088,0.0,0.00470588235294118,0.0,0.00470588235294118,0.4975,0.46875,0.10315489378429349,0.12440881730229077,0.012833378334647379
main,2556,O3,0.52375,0.0475,0.5875,0.52625,0.635,0.635,0.6775,2.732417583465576,12466,392,800,44,375,0,381,0.9971803988942642,0.09361122016832109,0.33120074314791625,0.297392077691529,2.1451880096547745e-06,0.0,0.0,0.0,0.0,0.70448477996815,0.11627906976744189,0.7674418604651162,0.0,0.0,0.0,0.2513,0.0,0.0,0.0,0.0,0.43625,0.52375,0.0061134603551642784,0.20996862809710592,0.0012836348836998894
main,2556,O4,0.5575,0.115,0.6775,0.5625,0.635,0.635,0.6775,3.050966262817383,12466,392,800,72,374,1,353,0.9971803988942642,0.09361122016832109,0.33120074314791625,0.297392077691529,2.1451880096547745e-06,15.0,12.0,0.8,0.0050000000000000044,0.70448477996815,0.11627906976744189,0.7674418604651162,0.0,0.0025000000000000022,0.0,1.1513,0.0,0.0,0.0,0.0,0.38,0.5575,0.005961334114779821,0.13692146664523935,0.0008162346101579527
main,2556,O5R,0.6775,0.355,0.6775,0.6775,0.6775,0.6775,0.6775,3.2251203060150146,12466,392,800,282,260,115,143,0.9971803988942642,0.09361122016832109,0.33120074314791625,0.297392077691529,2.1451880096547745e-06,15.0,15.0,1.0,0.0,0.70448477996815,0.11627906976744189,0.7674418604651162,0.0,0.0,0.0,1.1513,0.0,0.0,0.0,0.0,0.5,0.6775,0.0069709762723662114,0.1367201075721757,0.0009530726258409929
main,2593,O1,0.63125,0.2625,0.64875,0.63125,0.68125,0.68125,0.64875,2.490241765975952,12466,392,800,93,412,9,286,0.998010871552479,0.06694675940257837,0.3236671634129165,0.30179966318973783,0.0009265976481798877,0.0,0.0,0.0,0.0,0.33144457493194124,0.0,1.0,0.0,0.0,0.0,0.1963,0.0,0.0,0.0,0.0,0.48249999999999993,0.63125,0.006728218688376817,0.1648793111194318,0.0011093440624004565
main,2593,O2,0.52625,0.0525,0.52625,0.53625,0.52625,0.52625,0.52625,2.8417389392852783,12466,392,800,0,421,0,379,0.998010871552479,0.06694675940257837,0.3236671634129165,0.30179966318973783,0.0009265976481798877,0.0,0.0,0.0,0.0,0.5565973464703532,0.125,0.375,0.0,0.0,0.0,0.6088,0.0,0.0,0.0,0.0,0.5,0.52625,0.006407981791420883,0.12036101348699282,0.0007712711828216133
main,2593,O3,0.52625,0.0525,0.52625,0.52625,0.675,0.675,0.64875,1.65948486328125,12466,392,800,0,421,0,379,0.998010871552479,0.06694675940257837,0.3236671634129165,0.30179966318973783,0.0009265976481798877,0.0,0.0,0.0,0.0,0.6454950233948764,0.11627906976744189,0.7674418604651162,0.0,0.0,0.0,0.2513,0.0,0.0,0.0,0.0,0.5,0.52625,0.006407981791420883,0.20084768322373148,0.0012870282969467408
main,2593,O4,0.645,0.29,0.52625,0.6425,0.675,0.675,0.64875,3.8983871936798096,12466,392,800,108,408,13,271,0.998010871552479,0.06694675940257837,0.3236671634129165,0.30179966318973783,0.0009265976481798877,15.0,14.0,0.9333333333333333,0.004285714285714282,0.6454950233948764,0.11627906976744189,0.7674418604651162,0.18410852713178297,0.002142857142857141,0.0,1.1513,0.0038759689922481513,0.0,0.0,0.0,0.61875,0.645,0.007362502138340579,0.14948960089463517,-0.0008373669898776445
main,2593,O5R,0.64875,0.2975,0.64875,0.64875,0.64875,0.64875,0.64875,2.624951124191284,12466,392,800,262,257,164,117,0.998010871552479,0.06694675940257837,0.3236671634129165,0.30179966318973783,0.0009265976481798877,15.0,15.0,1.0,0.0,0.6454950233948764,0.11627906976744189,0.7674418604651162,0.0,0.0,0.0,1.1513,0.0,0.0,0.0,0.0,0.5,0.64875,0.0068709423461297174,0.13078104622025355,0.000898589028545888
main,2630,O1,0.6725,0.345,0.62,0.6725,0.6725,0.6725,0.62,2.3939876556396484,12466,392,800,131,407,18,244,0.9971803988942642,0.04153243065688955,0.2877700680660207,0.26870188629435243,0.000645084894468094,0.0,0.0,0.0,0.0,0.25113865556251314,0.0,1.0,0.07806691449814125,0.0,0.0,0.1963,0.0,0.0,0.0,0.0,0.5525,0.6725,0.007189113402148807,0.1645213999046725,0.0011827630009949644
main,2630,O2,0.71125,0.4225,0.62,0.75,0.53125,0.53125,0.53125,2.514009952545166,12466,392,800,173,396,29,202,0.9971803988942642,0.04153243065688955,0.2877700680660207,0.26870188629435243,0.000645084894468094,0.0,0.0,0.0,0.0,0.5237920569769878,0.125,0.375,0.1282952548330405,0.0,0.3840000000000001,0.6088,0.0,0.18933333333333333,0.3840000000000001,0.18933333333333333,0.59125,0.71125,0.43020427101524306,0.18149019513429943,0.0780778570941655
main,2630,O3,0.6725,0.345,0.62,0.6725,0.6725,0.6725,0.62,2.021911144256592,12466,392,800,131,407,18,244,0.9971803988942642,0.04153243065688955,0.2877700680660207,0.26870188629435243,0.000645084894468094,0.0,0.0,0.0,0.0,0.5906164874689745,0.11627906976744189,0.7674418604651162,0.07806691449814125,0.0,0.0,0.2513,0.0,0.0,0.0,0.0,0.5525,0.6725,0.007189113402148807,0.20443305015769433,0.0014696923807308395
main,2630,O4,0.62125,0.2425,0.62,0.62125,0.6725,0.6725,0.62,3.3032219409942627,12466,392,800,77,420,5,298,0.9971803988942642,0.04153243065688955,0.2877700680660207,0.26870188629435243,0.000645084894468094,15.0,11.0,0.7333333333333333,0.005909090909090905,0.5906164874689745,0.11627906976744189,0.7674418604651162,0.002012072434607603,0.0029545454545454523,0.0,1.1513,0.0,0.0,0.0,0.0,0.50125,0.62125,0.006778091870000691,0.12569644499149427,0.0008519820518848364
main,2630,O5R,0.62,0.24,0.62,0.62,0.62,0.62,0.62,3.708547830581665,12466,392,800,230,266,159,145,0.9971803988942642,0.04153243065688955,0.2877700680660207,0.26870188629435243,0.000645084894468094,15.0,15.0,1.0,0.0,0.5906164874689745,0.11627906976744189,0.7674418604651162,0.0,0.0,0.0,1.1513,0.0,0.0,0.0,0.0,0.5,0.62,0.006767907602693059,0.12525590065768885,0.0008477203623433389
main,2667,O1,0.69875,0.3975,0.68625,0.69875,0.6975,0.6975,0.68625,2.7331504821777344,12466,392,800,174,385,18,223,0.9999594238215683,0.1025516681092585,0.3125922095082143,0.2873451614546221,1.8720362135459055e-05,0.0,0.0,0.0,0.0,0.45688104330026325,0.0,1.0,0.017889087656529454,0.0,0.004132231404958589,0.1963,0.0,0.0,0.004132231404958589,0.0,0.5125,0.69875,0.00710131950779115,0.1884508524329599,0.0013382497146420494
main,2667,O2,0.50375,0.0075,0.5125,0.5325,0.50375,0.50375,0.505,2.215707540512085,12466,392,800,0,403,0,397,0.9999594238215683,0.1025516681092585,0.3125922095082143,0.2873451614546221,1.8720362135459055e-05,0.0,0.0,0.0,0.0,0.6001210963291382,0.125,0.375,0.0,0.0,0.0,0.6088,0.0,0.015151515151515053,0.0,0.015151515151515053,0.4912500000000001,0.50375,0.15535838521333867,0.12590976612711288,0.019561137948097385
main,2667,O3,0.6975,0.395,0.68625,0.6975,0.695,0.695,0.68625,4.480229377746582,12466,392,800,173,385,18,224,0.9999594238215683,0.1025516681092585,0.3125922095082143,0.2873451614546221,1.8720362135459055e-05,0.0,0.0,0.0,0.0,0.7272320619436485,0.11627906976744189,0.7674418604651162,0.01612903225806449,0.0,0.008196721311475598,0.2513,0.0,0.0,0.008196721311475598,0.0,0.51125,0.6975,0.0070913077768412595,0.2172470199259547,0.0015405654818965106
main,2667,O4,0.75375,0.5075,0.68625,0.75375,0.695,0.695,0.68625,4.1467509269714355,12466,392,800,297,306,97,100,0.9999594238215683,0.1025516681092585,0.3125922095082143,0.2873451614546221,1.8720362135459055e-05,15.0,7.0,0.4666666666666667,0.0050000000000000044,0.7272320619436485,0.11627906976744189,0.7674418604651162,0.08955223880597016,0.0025000000000000022,0.19262295081967237,1.1513,0.0,0.0,0.19262295081967237,0.0,0.5675,0.75375,0.007534680550378476,0.16762091976417975,0.0012629700839837162
main,2667,O5R,0.68625,0.3725,0.68625,0.68625,0.68625,0.68625,0.68625,2.297727346420288,12466,392,800,273,276,127,124,0.9999594238215683,0.1025516681092585,0.3125922095082143,0.2873451614546221,1.8720362135459055e-05,15.0,15.0,1.0,0.0,0.7272320619436485,0.11627906976744189,0.7674418604651162,0.0,0.0,0.0,1.1513,0.0,0.0,0.0,0.0,0.5,0.68625,0.007000858304625473,0.13901029337882756,0.0009731913668295883
main,2704,O1,0.64375,0.2875,0.69,0.64375,0.64375,0.64375,0.69,1.7978841066360474,12466,392,800,156,359,13,272,0.9964625048848763,0.10677829734527745,0.3265734088080551,0.2768747457320177,0.0012149604107452479,0.0,0.0,0.0,0.0,0.48018001782584396,0.0,1.0,0.0,0.0,0.0,0.1963,0.0,0.0,0.0,0.0,0.4537500000000001,0.64375,0.006635064829737344,0.18865508924595734,0.0012517387476068114
main,2704,O2,0.465,-0.07,0.465,0.465,0.465,0.465,0.465,2.839606761932373,12466,392,800,0,372,0,428,0.9964625048848763,0.10677829734527745,0.3265734088080551,0.2768747457320177,0.0012149604107452479,0.0,0.0,0.0,0.0,0.6089886707209903,0.125,0.375,0.0,0.0,0.0,0.6088,0.0,0.0,0.0,0.0,0.5,0.465,0.006149053239598073,0.12704027480290242,0.0007811774133362166
main,2704,O3,0.655,0.31,0.69,0.6525,0.64375,0.64375,0.69,1.8560808897018433,12466,392,800,167,357,15,261,0.9964625048848763,0.10677829734527745,0.3265734088080551,0.2768747457320177,0.0012149604107452479,0.0,0.0,0.0,0.0,0.7426673195459472,0.11627906976744189,0.7674418604651162,0.0,0.0,0.031578947368421005,0.2513,0.003816793893129859,0.0,0.031578947368421005,0.0,0.4650000000000001,0.655,0.006728195723686532,0.2207550885553844,-0.0004231135037645506
main,2704,O4,0.6225,0.245,0.69,0.63,0.64375,0.64375,0.69,1.5437082052230835,12466,392,800,138,360,12,290,0.9964625048848763,0.10677829734527745,0.3265734088080551,0.2768747457320177,0.0012149604107452479,15.0,11.0,0.7333333333333333,0.005909090909090914,0.7426673195459472,0.11627906976744189,0.7674418604651162,0.0,0.002954545454545457,0.0,1.1513,0.0,0.0,0.0,0.0,0.4325000000000001,0.6225,0.006457172519044849,0.14080227777409696,0.0009091845986618182
main,2704,O5R,0.4675,-0.065,0.4675,0.56625,0.69,0.69,0.69,3.1400163173675537,12466,392,800,2,372,0,426,0.9964625048848763,0.10677829734527745,0.3265734088080551,0.2768747457320177,0.0012149604107452479,15.0,15.0,1.0,0.0,0.7426673195459472,0.11627906976744189,0.7674418604651162,0.0,0.0,0.0,1.1513,0.0,0.0,0.0,0.0,0.5,0.4675,0.0061600533346723736,0.14056430796047628,0.0008658836339878464
main,2741,O1,0.70875,0.4175,0.6475,0.715,0.68125,0.68125,0.6475,3.9347074031829834,12466,392,800,193,374,18,215,0.9997114417528099,0.06396090184608903,0.2858767081906394,0.26871500759416606,0.0001580881577103333,0.0,0.0,0.0,0.0,0.3477950996550583,0.0,1.0,0.08641975308641979,0.0,0.08627450980392147,0.1963,0.0,0.0,0.08627450980392147,0.0,0.56125,0.70875,0.007354451204167022,0.19509865116926722,0.0014348435100231792
main,2741,O2,0.49,-0.02,0.6475,0.5025,0.49,0.49,0.49,3.0384573936462402,12466,392,800,0,392,0,408,0.9997114417528099,0.06396090184608903,0.2858767081906394,0.26871500759416606,0.0001580881577103333,0.0,0.0,0.0,0.0,0.5618745212054725,0.125,0.375,0.0,0.0,0.0,0.6088,0.0,0.30882352941176466,0.0,0.30882352941176466,0.3425,0.49,0.3728408872814054,0.121033789553827,0.045126345488279755
main,2741,O3,0.6525,0.305,0.6475,0.6525,0.675,0.675,0.6475,3.7906339168548584,12466,392,800,144,378,14,264,0.9997114417528099,0.06396090184608903,0.2858767081906394,0.26871500759416606,0.0001580881577103333,0.0,0.0,0.0,0.0,0.6560170844999307,0.11627906976744189,0.7674418604651162,0.007662835249042153,0.0,0.0,0.2513,0.0,0.0,0.0,0.0,0.505,0.6525,0.006907026780635541,0.2036594160873468,0.001406681041043901
main,2741,O4,0.7475,0.495,0.6475,0.745,0.675,0.675,0.6475,2.990351676940918,12466,392,800,245,353,39,163,0.9997114417528099,0.06396090184608903,0.2858767081906394,0.26871500759416606,0.0001580881577103333,15.0,13.0,0.8666666666666667,0.0073076923076923145,0.6560170844999307,0.11627906976744189,0.7674418604651162,0.13377926421404693,0.0036538461538461573,0.22307692307692314,1.1513,0.0033444816053512477,0.0,0.22307692307692314,0.0,0.6000000000000001,0.7475,0.007654577962464102,0.16806281203049994,-0.00038579090539721207
main,2741,O5R,0.6475,0.295,0.6475,0.6475,0.6475,0.6475,0.6475,3.6587753295898438,12466,392,800,259,259,133,149,0.9997114417528099,0.06396090184608903,0.2858767081906394,0.26871500759416606,0.0001580881577103333,15.0,15.0,1.0,0.0,0.6560170844999307,0.11627906976744189,0.7674418604651162,0.0,0.0,0.0,1.1513,0.0,0.0,0.0,0.0,0.5,0.6475,0.006866526579008364,0.13184040245566994,0.0009052856276490173
main,2778,O1,0.67,0.34,0.6575,0.67125,0.64375,0.64375,0.6575,4.212072372436523,12466,392,800,170,366,20,244,0.9991161687869752,0.07209480534217512,0.35379324346107566,0.3207478936289756,0.0002189893796359886,0.0,0.0,0.0,0.0,0.3336493748851661,0.0,1.0,0.018656716417910547,0.0,0.07368421052631578,0.1963,0.0,0.0,0.07368421052631578,0.0,0.5125000000000001,0.67,0.007002558129657725,0.17999271100440992,0.0012604094217230641
main,2778,O2,0.51125,0.0225,0.6575,0.58125,0.4825,0.4825,0.4825,4.048789024353027,12466,392,800,23,386,0,391,0.9991161687869752,0.07209480534217512,0.35379324346107566,0.3207478936289756,0.0002189893796359886,0.0,0.0,0.0,0.0,0.5564808238565186,0.125,0.375,0.0,0.0,0.055555555555555546,0.6088,0.0,0.3381642512077294,0.055555555555555546,0.3381642512077294,0.35375,0.51125,0.39399158111957855,0.12742882086570348,0.05020588261308206
main,2778,O3,0.6875,0.375,0.6575,0.68875,0.6425,0.6425,0.6575,3.908069610595703,12466,392,800,191,359,27,223,0.9991161687869752,0.07209480534217512,0.35379324346107566,0.3207478936289756,0.0002189893796359886,0.0,0.0,0.0,0.0,0.6465488552602456,0.11627906976744189,0.7674418604651162,0.043636363636363674,0.0,0.12587412587412597,0.2513,0.0,0.0,0.12587412587412597,0.0,0.53,0.6875,0.007142496031322056,0.22722019029962226,0.0016229193074512943
main,2778,O4,0.68875,0.3775,0.6575,0.6975,0.6425,0.6425,0.6575,2.413841485977173,12466,392,800,193,358,28,221,0.9991161687869752,0.07209480534217512,0.35379324346107566,0.3207478936289756,0.0002189893796359886,15.0,12.0,0.8,0.0025000000000000022,0.6465488552602456,0.11627906976744189,0.7674418604651162,0.045372050816696916,0.0012500000000000011,0.1293706293706294,1.1513,0.0,0.0,0.1293706293706294,0.0,0.53125,0.68875,0.007152436338629689,0.14858083711416153,0.0010627149785993478
main,2778,O5R,0.6575,0.315,0.6575,0.65625,0.6575,0.6575,0.6575,2.804537057876587,12466,392,800,283,243,143,131,0.9991161687869752,0.07209480534217512,0.35379324346107566,0.3207478936289756,0.0002189893796359886,15.0,15.0,1.0,0.0,0.6465488552602456,0.11627906976744189,0.7674418604651162,0.0,0.0,0.0,1.1513,0.001901140684410606,0.0,0.0,0.0,0.5,0.6575,0.006901695008219115,0.1308871455240414,-4.72271833019776e-05
main,2815,O1,0.72375,0.4475,0.66625,0.72375,0.66375,0.66375,0.66625,2.9677093029022217,12466,392,800,218,361,38,183,0.9999954915733009,0.08140981188150359,0.3717503850773247,0.3431602715513096,1.7811935425875603e-05,0.0,0.0,0.0,0.0,0.34674712276316233,0.0,1.0,0.07944732297063903,0.0,0.1784386617100373,0.1963,0.0,0.0,0.1784386617100373,0.0,0.5575,0.72375,0.00738944139566918,0.20854926502777657,0.001541062572032635
main,2815,O2,0.49875,-0.0025,0.49875,0.49875,0.49875,0.49875,0.5,0.9794644713401794,12466,392,800,0,399,0,401,0.9999954915733009,0.08140981188150359,0.3717503850773247,0.3431602715513096,1.7811935425875603e-05,0.0,0.0,0.0,0.0,0.5612587035345642,0.125,0.375,0.0,0.0,0.0,0.6088,0.0,0.0,0.0,0.0,0.5,0.49875,0.006294359600603454,0.12095528023561862,0.0007613360293947473
main,2815,O3,0.66375,0.3275,0.66625,0.66375,0.66125,0.66125,0.66625,2.1093647480010986,12466,392,800,151,380,19,250,0.9999954915733009,0.08140981188150359,0.3717503850773247,0.3431602715513096,1.7811935425875603e-05,0.0,0.0,0.0,0.0,0.6552204032321006,0.11627906976744189,0.7674418604651162,0.0,0.0,0.00738007380073785,0.2513,0.0,0.0,0.00738007380073785,0.0,0.49749999999999994,0.66375,0.006911936115687859,0.20349251359308754,0.0014065272539761644
main,2815,O4,0.61125,0.2225,0.58,0.61125,0.66125,0.66125,0.66625,4.295440673828125,12466,392,800,94,395,4,307,0.9999954915733009,0.08140981188150359,0.3717503850773247,0.3431602715513096,1.7811935425875603e-05,15.0,11.0,0.7333333333333333,0.0018181818181818197,0.6552204032321006,0.11627906976744189,0.7674418604651162,0.05112474437627812,0.0009090909090909098,0.0,1.1513,0.0,0.0,0.0,0.0,0.53125,0.61125,0.006873423673870339,0.1369806300050868,0.0009415259051386373
main,2815,O5R,0.66625,0.3325,0.66625,0.66625,0.66625,0.66625,0.66625,5.6583170890808105,12466,392,800,276,257,142,125,0.9999954915733009,0.08140981188150359,0.3717503850773247,0.3431602715513096,1.7811935425875603e-05,15.0,15.0,1.0,0.0,0.6552204032321006,0.11627906976744189,0.7674418604651162,0.0,0.0,0.0,1.1513,0.0,0.0,0.0,0.0,0.5,0.66625,0.006932176029503279,0.13176019295486122,0.0009133848512444157
main,2852,O1,0.6925,0.385,0.605,0.6925,0.67,0.67,0.605,4.234354496002197,12466,392,800,183,371,31,215,0.9999819662368479,0.03203147773695117,0.3397722625611905,0.3265007118422044,0.00011835296177767005,0.0,0.0,0.0,0.0,0.1709461580847743,0.0,1.0,0.12635379061371843,0.0,0.06818181818181808,0.1963,0.0,0.0,0.06818181818181808,0.0,0.5875,0.6925,0.007409854353786554,0.17032025181298033,0.0012620482594344346
main,2852,O2,0.50375,0.0075,0.605,0.5325,0.5025,0.5025,0.5025,3.2663586139678955,12466,392,800,1,402,0,397,0.9999819662368479,0.03203147773695117,0.3397722625611905,0.3265007118422044,0.00011835296177767005,0.0,0.0,0.0,0.0,0.48788504897556284,0.125,0.375,0.0,0.0,0.002512562814070521,0.6088,0.0,0.2060301507537689,0.002512562814070521,0.2060301507537689,0.39875000000000005,0.50375,0.3458997102607713,0.11192134655165982,0.03871356134421451
main,2852,O3,0.67625,0.3525,0.605,0.67875,0.66875,0.66875,0.605,3.599385976791382,12466,392,800,157,384,18,241,0.9999819662368479,0.03203147773695117,0.3397722625611905,0.3265007118422044,0.00011835296177767005,0.0,0.0,0.0,0.0,0.534192741915368,0.11627906976744189,0.7674418604651162,0.10536044362292056,0.0,0.02264150943396245,0.2513,0.0,0.0,0.02264150943396245,0.0,0.57125,0.67625,0.00728302215726756,0.2034297719236822,0.0014815835363680638
main,2852,O4,0.6675,0.335,0.5025,0.6675,0.66875,0.66875,0.605,4.501035690307617,12466,392,800,149,385,17,249,0.9999819662368479,0.03203147773695117,0.3397722625611905,0.3265007118422044,0.00011835296177767005,15.0,11.0,0.7333333333333333,0.0027272727272727297,0.534192741915368,0.11627906976744189,0.7674418604651162,0.2471910112359551,0.0013636363636363648,0.0,1.1513,0.0,0.0,0.0,0.0,0.665,0.6675,0.007628246873073088,0.14457209277370164,0.001102831614634622
main,2852,O5R,0.605,0.21,0.605,0.605,0.605,0.605,0.605,3.2335000038146973,12466,392,800,236,248,154,162,0.9999819662368479,0.03203147773695117,0.3397722625611905,0.3265007118422044,0.00011835296177767005,15.0,15.0,1.0,0.0,0.534192741915368,0.11627906976744189,0.7674418604651162,0.0,0.0,0.0,1.1513,0.0,0.0,0.0,0.0,0.5,0.605,0.006712881618385839,0.11957518410596231,0.0008026940554000169
main,2889,O1,0.69625,0.3925,0.665,0.69625,0.6825,0.6825,0.665,3.335576057434082,12466,392,800,175,382,20,223,0.9999819662368479,0.08003755969396834,0.33955105056226453,0.31262349055563743,0.00035835830213013127,0.0,0.0,0.0,0.0,0.36654855082517024,0.0,1.0,0.04488330341113106,0.0,0.04330708661417335,0.1963,0.0,0.0,0.04330708661417335,0.0,0.53125,0.69625,0.007178304288898168,0.18458826166473508,0.001325030710388225
main,2889,O2,0.5025,0.005,0.665,0.5025,0.5025,0.5025,0.5025,4.256843090057373,12466,392,800,0,402,0,398,0.9999819662368479,0.08003755969396834,0.33955105056226453,0.31262349055563743,0.00035835830213013127,0.0,0.0,0.0,0.0,0.5691506953950678,0.125,0.375,0.0,0.0,0.0,0.6088,0.0,0.32663316582914587,0.0,0.32663316582914587,0.3374999999999999,0.5025,0.38120436776367844,0.12196141391697322,0.04649222368378407
main,2889,O3,0.69625,0.3925,0.665,0.69625,0.6775,0.6775,0.665,3.844189167022705,12466,392,800,175,382,20,223,0.9999819662368479,0.08003755969396834,0.33955105056226453,0.31262349055563743,0.00035835830213013127,0.0,0.0,0.0,0.0,0.6686112092774279,0.11627906976744189,0.7674418604651162,0.04488330341113106,0.0,0.05813953488372107,0.2513,0.0,0.0,0.05813953488372107,0.0,0.53125,0.69625,0.007178304288898168,0.22035118947187568,0.001581747888449778
main,2889,O4,0.71,0.42,0.665,0.71,0.6775,0.6775,0.665,2.8027522563934326,12466,392,800,203,365,37,195,0.9999819662368479,0.08003755969396834,0.33955105056226453,0.31262349055563743,0.00035835830213013127,15.0,11.0,0.7333333333333333,0.010909090909090898,0.6686112092774279,0.11627906976744189,0.7674418604651162,0.06338028169014075,0.005454545454545449,0.10077519379844953,1.1513,0.0,0.0,0.10077519379844953,0.0,0.5449999999999999,0.71,0.007287055655798325,0.15007479917932864,0.0010936034141525246
main,2889,O5R,0.5025,0.005,0.5025,0.5025,0.665,0.665,0.665,2.6565511226654053,12466,392,800,0,402,0,398,0.9999819662368479,0.08003755969396834,0.33955105056226453,0.31262349055563743,0.00035835830213013127,15.0,15.0,1.0,0.0,0.6686112092774279,0.11627906976744189,0.7674418604651162,0.0,0.0,0.0,1.1513,0.0,0.0,0.0,0.0,0.5,0.5025,0.006310095533617736,0.13310837310129228,0.0008399265505935876
main,2926,O1,0.68,0.36,0.63375,0.68,0.66375,0.66375,0.63375,1.6758872270584106,12466,392,800,176,368,15,241,0.9986966735201206,0.0514393217407097,0.34772406798417044,0.33656685539012166,0.00023223055511506063,0.0,0.0,0.0,0.0,0.24795217138928305,0.0,1.0,0.06801470588235295,0.0,0.04832713754646868,0.1963,0.0,0.0,0.04832713754646868,0.0,0.54625,0.68,0.0071884280823055445,0.1701303863111814,0.0012229700466127873
main,2926,O2,0.695,0.39,0.63375,0.7425,0.47875,0.47875,0.47875,2.4151771068573,12466,392,800,189,367,16,228,0.9986966735201206,0.0514393217407097,0.34772406798417044,0.33656685539012166,0.00023223055511506063,0.0,0.0,0.0,0.0,0.5217080113001042,0.125,0.375,0.08812949640287758,0.0,0.41486810551558745,0.6088,0.0,0.29736211031175064,0.41486810551558745,0.29736211031175064,0.5612499999999999,0.695,0.48768928742018897,0.18003916597634964,0.08780317256273108
main,2926,O3,0.66125,0.3225,0.63375,0.66375,0.66125,0.66125,0.63375,2.591454029083252,12466,392,800,156,373,10,261,0.9986966735201206,0.0514393217407097,0.34772406798417044,0.33656685539012166,0.00023223055511506063,0.0,0.0,0.0,0.0,0.5880883712258191,0.11627906976744189,0.7674418604651162,0.041587901701323204,0.0,0.0,0.2513,0.0,0.0,0.0,0.0,0.5275,0.66125,0.007039306516835121,0.1984018017798464,0.0013966110962207027
main,2926,O4,0.66125,0.3225,0.63375,0.66125,0.66125,0.66125,0.63375,1.622625470161438,12466,392,800,156,373,10,261,0.9986966735201206,0.0514393217407097,0.34772406798417044,0.33656685539012166,0.00023223055511506063,15.0,10.0,0.6666666666666666,0.0,0.5880883712258191,0.11627906976744189,0.7674418604651162,0.041587901701323204,0.0,0.0,1.1513,0.0,0.0,0.0,0.0,0.5275,0.66125,0.007039306516835121,0.12918842175464956,0.0009093968991571488
main,2926,O5R,0.47875,-0.0425,0.47875,0.47875,0.63375,0.63375,0.63375,3.3411667346954346,12466,392,800,0,383,0,417,0.9986966735201206,0.0514393217407097,0.34772406798417044,0.33656685539012166,0.00023223055511506063,15.0,15.0,1.0,0.0,0.5880883712258191,0.11627906976744189,0.7674418604651162,0.0,0.0,0.0,1.1513,0.0,0.0,0.0,0.0,0.5,0.47875,0.006209074283999997,0.12500137108602938,0.0007761427986750059
main,2963,O1,0.6825,0.365,0.6425,0.6825,0.665,0.665,0.6425,5.188331127166748,12466,392,800,140,406,26,228,0.9953784388202257,0.058803229231051635,0.2878572809090687,0.26427937225815346,0.00046267692971333277,0.0,0.0,0.0,0.0,0.33162932226684294,0.0,1.0,0.058608058608058664,0.0,0.05223880597014914,0.1963,0.0,0.0,0.05223880597014914,0.0,0.54,0.6825,0.00716967195813898,0.18262802600885913,0.0013093830368459936
main,2963,O2,0.5425,0.085,0.6425,0.5675,0.54,0.54,0.54,5.644044399261475,12466,392,800,2,432,0,366,0.9953784388202257,0.058803229231051635,0.2878572809090687,0.26427937225815346,0.00046267692971333277,0.0,0.0,0.0,0.0,0.5561327997448402,0.125,0.375,0.0,0.0,0.005434782608695537,0.6088,0.0,0.2228260869565216,0.005434782608695537,0.2228260869565216,0.4,0.5425,0.3643145649644048,0.12099465855591057,0.04408011639481326
main,2963,O3,0.6775,0.355,0.6425,0.6775,0.66,0.66,0.6425,5.390435218811035,12466,392,800,136,406,26,232,0.9953784388202257,0.058803229231051635,0.2878572809090687,0.26427937225815346,0.00046267692971333277,0.0,0.0,0.0,0.0,0.6453825441796822,0.11627906976744189,0.7674418604651162,0.0516605166051661,0.0,0.051470588235294004,0.2513,0.0,0.0,0.051470588235294004,0.0,0.535,0.6775,0.007129977808051934,0.21677633354951642,0.001545610447518916
main,2963,O4,0.63625,0.2725,0.6425,0.635,0.66,0.66,0.6425,5.6961283683776855,12466,392,800,90,419,13,278,0.9953784388202257,0.058803229231051635,0.2878572809090687,0.26427937225815346,0.00046267692971333277,15.0,13.0,0.8666666666666667,0.0030769230769230795,0.6453825441796822,0.11627906976744189,0.7674418604651162,0.0,0.0015384615384615398,0.0,1.1513,0.001964636542239644,0.0,0.0,0.0,0.49375,0.63625,0.006797963400343058,0.1308936351407298,-9.250813009528279e-05
main,2963,O5R,0.6425,0.285,0.6425,0.6425,0.6425,0.6425,0.6425,2.6331164836883545,12466,392,800,235,279,153,133,0.9953784388202257,0.058803229231051635,0.2878572809090687,0.26427937225815346,0.00046267692971333277,15.0,15.0,1.0,0.0,0.6453825441796822,0.11627906976744189,0.7674418604651162,0.0,0.0,0.0,1.1513,0.0,0.0,0.0,0.0,0.5,0.6425,0.0068488064590790125,0.13076972186499833,0.0008956165157609665
main,3000,O1,0.615,0.23,0.64,0.62375,0.685,0.685,0.64,2.6920042037963867,12466,392,800,75,417,2,306,0.9983718470809946,0.05710972399313355,0.3237952002657443,0.300431228348407,1.1148085024690951e-05,0.0,0.0,0.0,0.0,0.2939627815791084,0.0,1.0,0.0,0.0,0.0,0.1963,0.0,0.0,0.0,0.0,0.475,0.615,0.006635242227885191,0.15888774122054147,0.0010542586500398314
main,3000,O2,0.52375,0.0475,0.52625,0.54,0.52375,0.52375,0.52375,2.1765317916870117,12466,392,800,0,419,0,381,0.9983718470809946,0.05710972399313355,0.3237952002657443,0.300431228348407,1.1148085024690951e-05,0.0,0.0,0.0,0.0,0.5404885793579475,0.125,0.375,0.0,0.0,0.0,0.6088,0.0,0.005249343832020886,0.0,0.005249343832020886,0.49750000000000005,0.52375,0.11101172627176852,0.11830734016302487,0.013133502062118722
main,3000,O3,0.68875,0.3775,0.64,0.69,0.68125,0.68125,0.64,3.0573954582214355,12466,392,800,140,411,8,241,0.9983718470809946,0.05710972399313355,0.3237952002657443,0.300431228348407,1.1148085024690951e-05,0.0,0.0,0.0,0.0,0.6195604465963869,0.11627906976744189,0.7674418604651162,0.07078039927404713,0.0,0.02352941176470573,0.2513,0.0,0.0,0.02352941176470573,0.0,0.54875,0.68875,0.007230125831023793,0.21141980249387718,0.0015285917752009299
main,3000,O4,0.59875,0.1975,0.5525,0.605,0.68125,0.68125,0.64,2.874256134033203,12466,392,800,62,417,2,319,0.9983718470809946,0.05710972399313355,0.3237952002657443,0.300431228348407,1.1148085024690951e-05,15.0,11.0,0.7333333333333333,0.0031818181818181845,0.6195604465963869,0.11627906976744189,0.7674418604651162,0.07724425887265138,0.0015909090909090923,0.0,1.1513,0.0,0.0,0.0,0.0,0.54625,0.59875,0.0068898986302031425,0.1360750188230249,0.000937543085793626
main,3000,O5R,0.64,0.28,0.64,0.64,0.64,0.64,0.64,2.3037283420562744,12466,392,800,243,269,150,138,0.9983718470809946,0.05710972399313355,0.3237952002657443,0.300431228348407,1.1148085024690951e-05,15.0,15.0,1.0,0.0,0.6195604465963869,0.11627906976744189,0.7674418604651162,0.0,0.0,0.0,1.1513,0.0,0.0,0.0,0.0,0.5,0.64,0.0068399119090900165,0.12816996504803269,0.0008766712703196899
main,3037,O1,0.48125,-0.0375,0.48125,0.48125,0.65125,0.65125,0.65,2.8924431800842285,12466,392,800,0,385,0,415,0.9989853671667237,0.06680652102755298,0.3647121628196988,0.3461198629153909,7.164241601579583e-05,0.0,0.0,0.0,0.0,0.2974989198842829,0.0,1.0,0.0,0.0,0.0,0.1963,0.0,0.0,0.0,0.0,0.5,0.48125,0.00621986329151427,0.15945300285645503,0.0009917758791885846
main,3037,O2,0.48125,-0.0375,0.48125,0.48125,0.48125,0.48125,0.48125,2.66915225982666,12466,392,800,0,385,0,415,0.9989853671667237,0.06680652102755298,0.3647121628196988,0.3461198629153909,7.164241601579583e-05,0.0,0.0,0.0,0.0,0.5419890160500508,0.125,0.375,0.0,0.0,0.0,0.6088,0.0,0.0,0.0,0.0,0.5,0.48125,0.00621986329151427,0.11849862772633579,0.0007370452646898511
main,3037,O3,0.53125,0.0625,0.56125,0.54375,0.65,0.65,0.65,2.668538808822632,12466,392,800,40,385,0,375,0.9989853671667237,0.06680652102755298,0.3647121628196988,0.3461198629153909,7.164241601579583e-05,0.0,0.0,0.0,0.0,0.622001103097459,0.11627906976744189,0.7674418604651162,0.0,0.0,0.0,0.2513,0.0,0.0,0.0,0.0,0.47,0.53125,0.006296987736497935,0.19721507369387148,0.0012418609005028453
main,3037,O4,0.6275,0.255,0.65,0.6275,0.65,0.65,0.65,3.038451671600342,12466,392,800,129,373,12,286,0.9989853671667237,0.06680652102755298,0.3647121628196988,0.3461198629153909,7.164241601579583e-05,15.0,14.0,0.9333333333333333,0.005714285714285704,0.622001103097459,0.11627906976744189,0.7674418604651162,0.0,0.002857142857142852,0.0,1.1513,0.0,0.0,0.0,0.0,0.4774999999999999,0.6275,0.0066915937865901845,0.1286458138683239,0.0008608455287521137
main,3037,O5R,0.65,0.3,0.65,0.65,0.65,0.65,0.65,3.8748672008514404,12466,392,800,260,260,125,155,0.9989853671667237,0.06680652102755298,0.3647121628196988,0.3461198629153909,7.164241601579583e-05,15.0,15.0,1.0,0.0,0.622001103097459,0.11627906976744189,0.7674418604651162,0.0,0.0,0.0,1.1513,0.0,0.0,0.0,0.0,0.5,0.65,0.006875352444748692,0.12841568921339402,0.0008829031227773969
main,3074,O1,0.675,0.35,0.64625,0.6725,0.665,0.665,0.64625,5.46904182434082,12466,392,800,164,376,24,236,1.0,0.06266157920716287,0.3309973592303851,0.319462184610635,0.00036572752236268234,0.0,0.0,0.0,0.0,0.3016110273822499,0.0,1.0,0.04259259259259267,0.0,0.029850746268656747,0.1963,0.003703703703703789,0.0,0.029850746268656747,0.0,0.52875,0.675,0.007093357894199593,0.17169060588905724,-0.0006339889372088392
main,3074,O2,0.50875,0.0175,0.64625,0.53625,0.5,0.5,0.50125,3.6696810722351074,12466,392,800,7,400,0,393,1.0,0.06266157920716287,0.3309973592303851,0.319462184610635,0.00036572752236268234,0.0,0.0,0.0,0.0,0.5440354043890266,0.125,0.375,0.0,0.0,0.01750000000000007,0.6088,0.0,0.29072681704260656,0.01750000000000007,0.29072681704260656,0.36250000000000004,0.50875,0.37708016698771524,0.12099055625392366,0.04562313915616609
main,3074,O3,0.675,0.35,0.64625,0.675,0.66375,0.66375,0.64625,4.947474956512451,12466,392,800,166,374,26,234,1.0,0.06266157920716287,0.3309973592303851,0.319462184610635,0.00036572752236268234,0.0,0.0,0.0,0.0,0.6249718860449762,0.11627906976744189,0.7674418604651162,0.04259259259259267,0.0,0.033457249070632245,0.2513,0.0,0.0,0.033457249070632245,0.0,0.52875,0.675,0.007093357894199593,0.20943317396758476,0.001485584457870244
main,3074,O4,0.6975,0.395,0.64625,0.705,0.66375,0.66375,0.64625,2.6592628955841064,12466,392,800,187,371,29,213,1.0,0.06266157920716287,0.3309973592303851,0.319462184610635,0.00036572752236268234,15.0,12.0,0.8,0.009583333333333341,0.6249718860449762,0.11627906976744189,0.7674418604651162,0.0734767025089606,0.004791666666666671,0.10037174721189607,1.1513,0.0,0.0,0.10037174721189607,0.0,0.55125,0.6975,0.007271623898485157,0.1466037058317302,0.0010660470109324972
main,3074,O5R,0.5,0.0,0.5,0.5,0.64625,0.64625,0.64625,2.4220669269561768,12466,392,800,0,400,0,400,1.0,0.06266157920716287,0.3309973592303851,0.319462184610635,0.00036572752236268234,15.0,15.0,1.0,0.0,0.6249718860449762,0.11627906976744189,0.7674418604651162,0.0,0.0,0.0,1.1513,0.0,0.0,0.0,0.0,0.5,0.5,0.006299613648945233,0.1287147862636867,0.0008108534243677892
main,3111,O1,0.67375,0.3475,0.65625,0.67375,0.6575,0.6575,0.65625,3.1757187843322754,12466,392,800,165,374,21,240,0.9998872865145765,0.0716833190078784,0.3746681642232489,0.3368339356576663,0.004110728152354456,0.0,0.0,0.0,0.0,0.32540008491928785,0.0,1.0,0.025974025974025917,0.0,0.04744525547445251,0.1963,0.0,0.0,0.04744525547445251,0.0,0.5175,0.67375,0.007038339399960359,0.17564936068752154,0.0012362798159048312
main,3111,O2,0.49375,-0.0125,0.495,0.50875,0.49375,0.49375,0.49375,2.2486398220062256,12466,392,800,0,395,0,405,0.9998872865145765,0.0716833190078784,0.3746681642232489,0.3368339356576663,0.004110728152354456,0.0,0.0,0.0,0.0,0.5579262416686626,0.125,0.375,0.0,0.0,0.0,0.6088,0.0,0.0024691358024690833,0.0,0.0024691358024690833,0.49875,0.49375,0.0847300636604528,0.12053043158088378,0.010212551140870134
main,3111,O3,0.6625,0.325,0.65625,0.67375,0.64875,0.64875,0.65625,3.18353533744812,12466,392,800,152,378,17,253,0.9998872865145765,0.0716833190078784,0.3746681642232489,0.3368339356576663,0.004110728152354456,0.0,0.0,0.0,0.0,0.6430476567463643,0.11627906976744189,0.7674418604651162,0.00943396226415091,0.0,0.03914590747330941,0.2513,0.0,0.0,0.03914590747330941,0.0,0.50625,0.6625,0.006947856031756457,0.207980650741955,0.0014450196187461252
main,3111,O4,0.64875,0.2975,0.65625,0.64875,0.64875,0.64875,0.65625,1.6229385137557983,12466,392,800,141,378,17,264,0.9998872865145765,0.0716833190078784,0.3746681642232489,0.3368339356576663,0.004110728152354456,15.0,14.0,0.9333333333333333,0.0024999999999999784,0.6430476567463643,0.11627906976744189,0.7674418604651162,0.0,0.0012499999999999892,0.0,1.1513,0.0,0.0,0.0,0.0,0.49250000000000005,0.64875,0.006836414484325395,0.13063532601688974,0.0008930772349464351
main,3111,O5R,0.49375,-0.0125,0.49375,0.49375,0.65625,0.65625,0.65625,2.7932674884796143,12466,392,800,0,395,0,405,0.9998872865145765,0.0716833190078784,0.3746681642232489,0.3368339356576663,0.004110728152354456,15.0,15.0,1.0,0.0,0.6430476567463643,0.11627906976744189,0.7674418604651162,0.0,0.0,0.0,1.1513,0.0,0.0,0.0,0.0,0.5,0.49375,0.006273255177497732,0.13053464648035792,0.0008188771468757415
main,3148,O1,0.7025,0.405,0.62125,0.7025,0.675,0.675,0.62125,3.629490375518799,12466,392,800,177,385,21,217,0.9998376907209825,0.04286996912666893,0.31705169193433935,0.297747338188027,0.0005298532226316512,0.0,0.0,0.0,0.0,0.23689239116478378,0.0,1.0,0.1156583629893239,0.0,0.08461538461538454,0.1963,0.0,0.0,0.08461538461538454,0.0,0.58125,0.7025,0.007418855062398228,0.18177919991583624,0.0013485935375343013
main,3148,O2,0.5075,0.015,0.5075,0.52125,0.5075,0.5075,0.50875,1.0233558416366577,12466,392,800,0,406,0,394,0.9998376907209825,0.04286996912666893,0.31705169193433935,0.297747338188027,0.0005298532226316512,0.0,0.0,0.0,0.0,0.5174782377268772,0.125,0.375,0.0,0.0,0.0,0.6088,0.0,0.0,0.0,0.0,0.5,0.5075,0.006330955463912932,0.11537379941137259,0.0007304263857758239
main,3148,O3,0.5475,0.095,0.62125,0.5475,0.6725,0.6725,0.62125,3.199544906616211,12466,392,800,33,405,1,361,0.9998376907209825,0.04286996912666893,0.31705169193433935,0.297747338188027,0.0005298532226316512,0.0,0.0,0.0,0.0,0.5806374323877599,0.11627906976744189,0.7674418604651162,0.0,0.0,0.0,0.2513,0.0,0.0,0.0,0.0,0.42625,0.5475,0.006156730013341784,0.19081945889191937,0.0011748238896895189
main,3148,O4,0.655,0.31,0.62125,0.655,0.6725,0.6725,0.62125,1.2129859924316406,12466,392,800,126,398,8,268,0.9998376907209825,0.04286996912666893,0.31705169193433935,0.297747338188027,0.0005298532226316512,15.0,8.0,0.5333333333333333,0.0,0.5806374323877599,0.11627906976744189,0.7674418604651162,0.051526717557251994,0.0,0.0,1.1513,0.0,0.0,0.0,0.0,0.5337500000000001,0.655,0.007044662987930246,0.12943890005975683,0.000911853428449371
main,3148,O5R,0.5475,0.095,0.5475,0.5475,0.62125,0.62125,0.62125,3.38562273979187,12466,392,800,115,323,83,279,0.9998376907209825,0.04286996912666893,0.31705169193433935,0.297747338188027,0.0005298532226316512,15.0,15.0,1.0,0.0,0.5806374323877599,0.11627906976744189,0.7674418604651162,0.0,0.0,0.0,1.1513,0.0,0.0,0.0,0.0,0.5,0.5475,0.00649309758409958,0.12425121401708664,0.0008067752575557851
main,3185,O1,0.79,0.58,0.64125,0.79125,0.7325,0.7325,0.64125,4.147767066955566,12466,392,800,246,386,26,142,0.9993506898146103,0.0590973374506682,0.28635350538987414,0.26180128617026954,0.000787850422329997,0.0,0.0,0.0,0.0,0.3356654318132132,0.0,1.0,0.1882911392405064,0.0,0.2149532710280374,0.1963,0.0,0.0,0.2149532710280374,0.0,0.64875,0.79,0.008002675869193843,0.2300137780462561,0.0018407257111528823
main,3185,O2,0.5325,0.065,0.51125,0.56625,0.515,0.515,0.51625,1.58161199092865,12466,392,800,14,412,0,374,0.9993506898146103,0.0590973374506682,0.28635350538987414,0.26180128617026954,0.000787850422329997,0.0,0.0,0.0,0.0,0.5582044516533217,0.125,0.375,0.03990610328638496,0.0,0.036082474226804044,0.6088,0.0,0.0,0.036082474226804044,0.0,0.52125,0.5325,0.006523126133575311,0.13025352620979808,0.0008496601808094706
main,3185,O3,0.7325,0.465,0.64125,0.7325,0.7275,0.7275,0.64125,4.512266159057617,12466,392,800,188,398,14,200,0.9993506898146103,0.0590973374506682,0.28635350538987414,0.26180128617026954,0.000787850422329997,0.0,0.0,0.0,0.0,0.6483204971794032,0.11627906976744189,0.7674418604651162,0.1245733788395905,0.0,0.018348623853211028,0.2513,0.0,0.0,0.018348623853211028,0.0,0.59125,0.7325,0.007565890242347297,0.2233830313181401,0.001690091496955877
main,3185,O4,0.7325,0.465,0.64125,0.7325,0.7275,0.7275,0.64125,0.8280947804450989,12466,392,800,188,398,14,200,0.9993506898146103,0.0590973374506682,0.28635350538987414,0.26180128617026954,0.000787850422329997,15.0,10.0,0.6666666666666666,0.02099999999999999,0.6483204971794032,0.11627906976744189,0.7674418604651162,0.1245733788395905,0.010499999999999995,0.018348623853211028,1.1513,0.0,0.0,0.018348623853211028,0.0,0.59125,0.7325,0.007565890242347297,0.14630054270954085,0.0011068938485362292
main,3185,O5R,0.64125,0.2825,0.64125,0.64125,0.64125,0.64125,0.64125,2.572499990463257,12466,392,800,259,254,158,129,0.9993506898146103,0.0590973374506682,0.28635350538987414,0.26180128617026954,0.000787850422329997,15.0,15.0,1.0,0.0,0.6483204971794032,0.11627906976744189,0.7674418604651162,0.0,0.0,0.0,1.1513,0.0,0.0,0.0,0.0,0.5,0.64125,0.006844362073799387,0.13106551361136254,0.0008970598305446471
main,3222,O1,0.65,0.3,0.62875,0.6525,0.68,0.68,0.62875,2.5487611293792725,12466,392,800,130,390,15,265,0.9998872865145765,0.04827787387845392,0.3566827348334679,0.33270991319928905,4.1262777415005444e-05,0.0,0.0,0.0,0.0,0.23744851507283837,0.0,1.0,0.03269230769230768,0.0,0.0,0.1963,0.0,0.0,0.0,0.0,0.52125,0.65,0.006971404920973797,0.15507973422315066,0.001081123622306581
main,3222,O2,0.50625,0.0125,0.57625,0.5175,0.50625,0.50625,0.50625,3.1036112308502197,12466,392,800,0,405,0,395,0.9998872865145765,0.04827787387845392,0.3566827348334679,0.33270991319928905,4.1262777415005444e-05,0.0,0.0,0.0,0.0,0.5169945960493256,0.125,0.375,0.0,0.0,0.0,0.6088,0.0,0.1417721518987343,0.0,0.1417721518987343,0.42999999999999994,0.50625,0.313672504434543,0.11531214093654234,0.03617024803927422
main,3222,O3,0.68,0.36,0.62875,0.68,0.6775,0.6775,0.62875,2.8525919914245605,12466,392,800,157,387,18,238,0.9998872865145765,0.04827787387845392,0.3566827348334679,0.33270991319928905,4.1262777415005444e-05,0.0,0.0,0.0,0.0,0.5807046053313999,0.11627906976744189,0.7674418604651162,0.07536764705882355,0.0,0.007751937984496303,0.2513,0.0,0.0,0.007751937984496303,0.0,0.55125,0.68,0.007210294118008283,0.20368172308606533,0.0014686051299132488
main,3222,O4,0.78125,0.5625,0.62875,0.78125,0.6775,0.6775,0.62875,4.160934925079346,12466,392,800,315,310,95,80,0.9998872865145765,0.04827787387845392,0.3566827348334679,0.33270991319928905,4.1262777415005444e-05,15.0,13.0,0.8666666666666667,0.0019230769230769247,0.5807046053313999,0.11627906976744189,0.7674418604651162,0.19519999999999996,0.0009615384615384624,0.32170542635658916,1.1513,0.0,0.0,0.32170542635658916,0.0,0.6525,0.78125,0.007988353149749935,0.17637722151161694,0.0014089635330064671
main,3222,O5R,0.62875,0.2575,0.62875,0.62875,0.62875,0.62875,0.62875,2.8911030292510986,12466,392,800,243,260,145,152,0.9998872865145765,0.04827787387845392,0.3566827348334679,0.33270991319928905,4.1262777415005444e-05,15.0,15.0,1.0,0.0,0.5807046053313999,0.11627906976744189,0.7674418604651162,0.0,0.0,0.0,1.1513,0.0,0.0,0.0,0.0,0.5,0.62875,0.0067995972133897764,0.12425797695791976,0.0008449041938645223
main,3259,O1,0.70375,0.4075,0.63375,0.705,0.67125,0.67125,0.63375,2.890429973602295,12466,392,800,188,375,29,208,0.9999278640456615,0.052290710056858106,0.2811362438317047,0.26578058058881787,0.00028159125999513163,0.0,0.0,0.0,0.0,0.3022669527605457,0.0,1.0,0.09946714031971574,0.0,0.09885931558935354,0.1963,0.0,0.0,0.09885931558935354,0.0,0.57,0.70375,0.00737504850299079,0.1919182270836398,0.0014154062333498441
main,3259,O2,0.505,0.01,0.505,0.5075,0.505,0.505,0.505,3.0093305110931396,12466,392,800,0,404,0,396,0.9999278640456615,0.052290710056858106,0.2811362438317047,0.26578058058881787,0.00028159125999513163,0.0,0.0,0.0,0.0,0.5442630288009316,0.125,0.375,0.0,0.0,0.0,0.6088,0.0,0.0,0.0,0.0,0.5,0.505,0.006320542709972975,0.11878853689767456,0.0007508080209169527
main,3259,O3,0.6975,0.395,0.505,0.70375,0.6675,0.6675,0.63375,4.5654706954956055,12466,392,800,179,379,25,217,0.9999278640456615,0.052290710056858106,0.2811362438317047,0.26578058058881787,0.00028159125999513163,0.0,0.0,0.0,0.0,0.6254020528179238,0.11627906976744189,0.7674418604651162,0.27598566308243727,0.0,0.09022556390977451,0.2513,0.0,0.0,0.09022556390977451,0.0,0.6925,0.6975,0.007846122417243653,0.2543641871020059,0.0019957725505650075
main,3259,O4,0.67375,0.3475,0.63375,0.67375,0.6675,0.6675,0.63375,2.189096450805664,12466,392,800,153,386,18,243,0.9999278640456615,0.052290710056858106,0.2811362438317047,0.26578058058881787,0.00028159125999513163,15.0,10.0,0.6666666666666666,0.0020000000000000018,0.6254020528179238,0.11627906976744189,0.7674418604651162,0.05936920222634497,0.0010000000000000009,0.01879699248120294,1.1513,0.0,0.0,0.01879699248120294,0.0,0.5399999999999999,0.67375,0.00713890050044663,0.13670837513985595,0.0009759474877011633
main,3259,O5R,0.63375,0.2675,0.63375,0.63375,0.63375,0.63375,0.63375,2.6094377040863037,12466,392,800,253,254,150,143,0.9999278640456615,0.052290710056858106,0.2811362438317047,0.26578058058881787,0.00028159125999513163,15.0,15.0,1.0,0.0,0.6254020528179238,0.11627906976744189,0.7674418604651162,0.0,0.0,0.0,1.1513,0.0,0.0,0.0,0.0,0.5,0.63375,0.006817573731749046,0.12875809525501844,0.0008778178079606552
main,3296,O1,0.71125,0.4225,0.62625,0.71375,0.6625,0.6625,0.62625,4.12180757522583,12466,392,800,206,363,40,191,0.9999594238215683,0.046512913135881725,0.33124876324427477,0.3189212601909441,2.1659508482185872e-05,0.0,0.0,0.0,0.0,0.23840051190578915,0.0,1.0,0.11950790861159939,0.0,0.14444444444444465,0.1963,0.0,0.0,0.14444444444444465,0.0,0.5850000000000001,0.71125,0.00746551603867638,0.19219948111168567,0.0014348683088645673
main,3296,O2,0.50375,0.0075,0.50375,0.50375,0.50375,0.50375,0.50375,2.3053646087646484,12466,392,800,0,403,0,397,0.9999594238215683,0.046512913135881725,0.33124876324427477,0.3189212601909441,2.1659508482185872e-05,0.0,0.0,0.0,0.0,0.5173768198291802,0.125,0.375,0.0,0.0,0.0,0.6088,0.0,0.0,0.0,0.0,0.5,0.50375,0.00631532344237746,0.11536086985384532,0.0007285412057210446
main,3296,O3,0.685,0.37,0.62625,0.685,0.65625,0.65625,0.62625,3.932572364807129,12466,392,800,171,377,26,226,0.9999594238215683,0.046512913135881725,0.33124876324427477,0.3189212601909441,2.1659508482185872e-05,0.0,0.0,0.0,0.0,0.5813541201077235,0.11627906976744189,0.7674418604651162,0.08576642335766434,0.0,0.08363636363636379,0.2513,0.0,0.0,0.08363636363636379,0.0,0.5587500000000001,0.685,0.007260555334423355,0.21712318416371917,0.0015764348930068757
main,3296,O4,0.74,0.48,0.62625,0.74,0.65625,0.65625,0.62625,3.2968766689300537,12466,392,800,247,345,58,150,0.9999594238215683,0.046512913135881725,0.33124876324427477,0.3189212601909441,2.1659508482185872e-05,15.0,12.0,0.8,0.001666666666666668,0.5813541201077235,0.11627906976744189,0.7674418604651162,0.15371621621621623,0.000833333333333334,0.24363636363636362,1.1513,0.0,0.0,0.24363636363636362,0.0,0.61375,0.74,0.007686727874513416,0.16439576307487316,0.0012636654944795309
main,3296,O5R,0.62625,0.2525,0.62625,0.62625,0.62625,0.62625,0.62625,3.4677820205688477,12466,392,800,236,265,138,161,0.9999594238215683,0.046512913135881725,0.33124876324427477,0.3189212601909441,2.1659508482185872e-05,15.0,15.0,1.0,0.0,0.5813541201077235,0.11627906976744189,0.7674418604651162,0.0,0.0,0.0,1.1513,0.0,0.0,0.0,0.0,0.5,0.62625,0.006790573199622083,0.12432336980457062,0.0008442269430816226
main,3333,O1,0.6025,0.205,0.65625,0.6025,0.67,0.67,0.65625,2.406468391418457,12466,392,800,84,398,7,311,0.9998872865145765,0.07180644602324987,0.3017724319199686,0.2747204965812031,0.0014296782344869821,0.0,0.0,0.0,0.0,0.3733891983311992,0.0,1.0,0.0,0.0,0.0,0.1963,0.0,0.0,0.0,0.0,0.44625000000000004,0.6025,0.006454248137901664,0.171584276930794,0.0011074474998737807
main,3333,O2,0.50625,0.0125,0.50625,0.515,0.50625,0.50625,0.50625,3.0844738483428955,12466,392,800,0,405,0,395,0.9998872865145765,0.07180644602324987,0.3017724319199686,0.2747204965812031,0.0014296782344869821,0.0,0.0,0.0,0.0,0.5732731120928598,0.125,0.375,0.0,0.0,0.0,0.6088,0.0,0.0,0.0,0.0,0.5,0.50625,0.006325753372023252,0.12248697227556513,0.0007748223779010747
main,3333,O3,0.6075,0.215,0.65625,0.6075,0.665,0.665,0.65625,3.002192735671997,12466,392,800,89,397,8,306,0.9998872865145765,0.07180644602324987,0.3017724319199686,0.2747204965812031,0.0014296782344869821,0.0,0.0,0.0,0.0,0.6738492228718866,0.11627906976744189,0.7674418604651162,0.0,0.0,0.0,0.2513,0.0,0.0,0.0,0.0,0.45125000000000004,0.6075,0.0064961352469472215,0.2052317848946247,0.001333213431647862
main,3333,O4,0.50625,0.0125,0.50625,0.50625,0.665,0.665,0.65625,2.9090354442596436,12466,392,800,0,405,0,395,0.9998872865145765,0.07180644602324987,0.3017724319199686,0.2747204965812031,0.0014296782344869821,15.0,9.0,0.6,0.003333333333333336,0.6738492228718866,0.11627906976744189,0.7674418604651162,0.0,0.001666666666666668,0.0,1.1513,0.0,0.0,0.0,0.0,0.5,0.50625,0.006325753372023252,0.1337699732643722,0.0008461958594525628
main,3333,O5R,0.65625,0.3125,0.65625,0.65625,0.65625,0.65625,0.65625,2.2412219047546387,12466,392,800,264,261,144,131,0.9998872865145765,0.07180644602324987,0.3017724319199686,0.2747204965812031,0.0014296782344869821,15.0,15.0,1.0,0.0,0.6738492228718866,0.11627906976744189,0.7674418604651162,0.0,0.0,0.0,1.1513,0.0,0.0,0.0,0.0,0.5,0.65625,0.006897318542553034,0.13363573388232977,0.0009217282252542759
main,3370,O1,0.70375,0.4075,0.625,0.70375,0.6725,0.6725,0.625,3.4045534133911133,12466,392,800,182,381,23,214,0.9999278640456615,0.0455708065889789,0.31821445219853545,0.30018168378573173,1.9138263538612298e-05,0.0,0.0,0.0,0.0,0.24626729994677654,0.0,1.0,0.11190053285968027,0.0,0.09541984732824427,0.1963,0.0,0.0,0.09541984732824427,0.0,0.57875,0.70375,0.007412594786020282,0.18440422940711407,0.0013669138294232616
main,3370,O2,0.51875,0.0375,0.54,0.54875,0.505,0.505,0.50375,2.2136595249176025,12466,392,800,12,403,1,384,0.9999278640456615,0.0455708065889789,0.31821445219853545,0.30018168378573173,1.9138263538612298e-05,0.0,0.0,0.0,0.0,0.5207227777401682,0.125,0.375,0.0,0.0,0.02777777777777786,0.6088,0.0,0.0730478589420655,0.02777777777777786,0.0730478589420655,0.47875,0.51875,0.26276087081343824,0.11932877039398182,0.031354931621819494
main,3370,O3,0.72625,0.4525,0.625,0.725,0.665,0.665,0.625,2.7972617149353027,12466,392,800,211,370,34,185,0.9999278640456615,0.0455708065889789,0.31821445219853545,0.30018168378573173,1.9138263538612298e-05,0.0,0.0,0.0,0.0,0.5868029719242993,0.11627906976744189,0.7674418604651162,0.1394148020654044,0.0,0.18283582089552217,0.2513,0.0017211703958691545,0.0,0.18283582089552217,0.0,0.60125,0.72625,0.007586605793949412,0.24159888039951247,0.000972330267916055
main,3370,O4,0.59375,0.1875,0.57125,0.59375,0.665,0.665,0.625,1.5554442405700684,12466,392,800,75,400,4,321,0.9999278640456615,0.0455708065889789,0.31821445219853545,0.30018168378573173,1.9138263538612298e-05,15.0,10.0,0.6666666666666666,0.007499999999999995,0.5868029719242993,0.11627906976744189,0.7674418604651162,0.0378947368421052,0.0037499999999999977,0.0,1.1513,0.0,0.0,0.0,0.0,0.5225,0.59375,0.006769612761469738,0.128989220831948,0.0008732070754359934
main,3370,O5R,0.625,0.25,0.625,0.625,0.625,0.625,0.625,3.812788486480713,12466,392,800,248,252,152,148,0.9999278640456615,0.0455708065889789,0.31821445219853545,0.30018168378573173,1.9138263538612298e-05,15.0,15.0,1.0,0.0,0.5868029719242993,0.11627906976744189,0.7674418604651162,0.0,0.0,0.0,1.1513,0.0,0.0,0.0,0.0,0.5,0.625,0.0067860521847375845,0.12487195768009404,0.0008473876212274614
main,3407,O1,0.59,0.18,0.575,0.59,0.68,0.68,0.6775,2.190704107284546,12466,392,800,75,397,3,325,1.0,0.09293097854634025,0.2515179225521747,0.21332026416127942,0.002606319340089692,0.0,0.0,0.0,0.0,0.5170682145778569,0.0,1.0,0.025423728813559344,0.0,0.0,0.1963,0.0,0.0,0.0,0.0,0.515,0.59,0.006722852868262364,0.1986158254905149,0.0013352649720812053
main,3407,O2,0.5,0.0,0.50125,0.50375,0.5,0.5,0.5,3.761256456375122,12466,392,800,0,400,0,400,1.0,0.09293097854634025,0.2515179225521747,0.21332026416127942,0.002606319340089692,0.0,0.0,0.0,0.0,0.6224320134105201,0.125,0.375,0.0,0.0,0.0,0.6088,0.0,0.0024999999999999467,0.0,0.0024999999999999467,0.49875,0.5,0.08543899175398703,0.12875413869290708,0.01100062379407499
main,3407,O3,0.78375,0.5675,0.6775,0.78375,0.67625,0.67625,0.6775,2.618077516555786,12466,392,800,273,354,46,127,1.0,0.09293097854634025,0.2515179225521747,0.21332026416127942,0.002606319340089692,0.0,0.0,0.0,0.0,0.7667695824195495,0.11627906976744189,0.7674418604651162,0.13556618819776708,0.0,0.3320463320463318,0.2513,0.0,0.0,0.3320463320463318,0.0,0.60625,0.78375,0.007803274033718825,0.291900891418974,0.002277782646429058
main,3407,O4,0.77875,0.5575,0.6775,0.77875,0.67625,0.67625,0.6775,3.7848422527313232,12466,392,800,267,356,44,133,1.0,0.09293097854634025,0.2515179225521747,0.21332026416127942,0.002606319340089692,15.0,11.0,0.7333333333333333,0.002272727272727275,0.7667695824195495,0.11627906976744189,0.7674418604651162,0.13001605136436603,0.0011363636363636374,0.31660231660231675,1.1513,0.0,0.0,0.31660231660231675,0.0,0.6012500000000001,0.77875,0.007765179088967977,0.18804776976083537,0.0014602246094739034
main,3407,O5R,0.58,0.16,0.58,0.58,0.6775,0.6775,0.6775,3.1371395587921143,12466,392,800,136,328,72,264,1.0,0.09293097854634025,0.2515179225521747,0.21332026416127942,0.002606319340089692,15.0,15.0,1.0,0.0,0.7667695824195495,0.11627906976744189,0.7674418604651162,0.0,0.0,0.0,1.1513,0.0,0.0,0.0,0.0,0.5,0.58,0.006619114164844816,0.1429909126159587,0.0009464731751403796
main,3444,O1,0.52,0.04,0.52,0.52,0.67875,0.67875,0.6475,4.3738603591918945,12466,392,800,0,416,0,384,0.9988455359952018,0.06306937563194114,0.33686849293012366,0.31075664732068187,0.0015060996386522078,0.0,0.0,0.0,0.0,0.3111585292748116,0.0,1.0,0.0,0.0,0.0,0.1963,0.0,0.0,0.0,0.0,0.5,0.52,0.006382512645208953,0.16163652976736007,0.001031647195167869
main,3444,O2,0.52,0.04,0.545,0.52875,0.52,0.52,0.52,1.6450508832931519,12466,392,800,0,416,0,384,0.9988455359952018,0.06306937563194114,0.33686849293012366,0.31075664732068187,0.0015060996386522078,0.0,0.0,0.0,0.0,0.5493723505525826,0.125,0.375,0.0,0.0,0.0,0.6088,0.0,0.052083333333333384,0.0,0.052083333333333384,0.475,0.52,0.23431599598590538,0.11943991373562352,0.027986682347433244
main,3444,O3,0.60375,0.2075,0.5775,0.60375,0.67875,0.67875,0.6475,3.4267406463623047,12466,392,800,72,411,5,312,0.9988455359952018,0.06306937563194114,0.33686849293012366,0.31075664732068187,0.0015060996386522078,0.0,0.0,0.0,0.0,0.6321250657964947,0.11627906976744189,0.7674418604651162,0.04347826086956521,0.0,0.0,0.2513,0.0,0.0,0.0,0.0,0.52625,0.60375,0.006823652978767094,0.20550300289819384,0.0014022811778718431
main,3444,O4,0.67875,0.3575,0.6475,0.67875,0.67875,0.67875,0.6475,1.337265968322754,12466,392,800,142,401,15,242,0.9988455359952018,0.06306937563194114,0.33686849293012366,0.31075664732068187,0.0015060996386522078,15.0,12.0,0.8,0.001666666666666668,0.6321250657964947,0.11627906976744189,0.7674418604651162,0.04604051565377532,0.000833333333333334,0.0,1.1513,0.0,0.0,0.0,0.0,0.53125,0.67875,0.007117651954650452,0.13413742255452776,0.0009547434878370081
main,3444,O5R,0.5775,0.155,0.5775,0.5775,0.6475,0.6475,0.6475,2.448746919631958,12466,392,800,109,353,63,275,0.9988455359952018,0.06306937563194114,0.33686849293012366,0.31075664732068187,0.0015060996386522078,15.0,15.0,1.0,0.0,0.6321250657964947,0.11627906976744189,0.7674418604651162,0.0,0.0,0.0,1.1513,0.0,0.0,0.0,0.0,0.5,0.5775,0.006609590262861547,0.12943496508579838,0.0008555120849049173
